,x_G1,y_G1,z_G1,cA_G1,cF_G1,cV_G1,cTot_G1,x_C1,d_C1,e_C1,y_C1,cD_C1,cE_C1,cTot_C1,xC_A1,xD_A1,C_A1,yC_A1,zC_A1,yD_A1,zD_A1,cAC_A1,cFC_A1,cVC_A1,cAD_A1,cFD_A1,cVD_A1,cNm_A1,cNd_A1,cNe_A1,cNfinal_A1,cTot_A1,xE_R1,xI_R1,dE_R1,eE_R1,dI_R1,eI_R1,yE_R1,yI_R1,xIextraAvail_R1,xIextraUsed_R1,xBsubir_R1,xBbajar_R1,cDE_R1,cEE_R1,cDI_R1,cEI_R1,cIextra_R1,cBsubir_R1,cBbajar_R1,cTot_R1,xI_L1,xO_L1,y_L1,z_L1,p_L1,xPI_L1,xPO_L1,cA_L1,cF_L1,cVI_L1,cVO_L1,cFp_L1,cTot_L1,xI_L2,xO_L2,y_L2,z_L2,p_L2,xPI_L2,xPO_L2,cA_L2,cF_L2,cVI_L2,cVO_L2,cFp_L2,cTot_L2,xI_L3,xO_L3,y_L3,z_L3,p_L3,xPI_L3,xPO_L3,cA_L3,cF_L3,cVI_L3,cVO_L3,cFp_L3,cTot_L3
2024-01-01 00:00:00+00:00,0.0,False,False,0.0,0.0,0.0,0.0,0.0,40.0,0.0,False,6666.666666666666,0.0,6666.666666666666,0.0,1.8111821693734111,49.69813630510443,False,False,True,True,0.0,0.0,0.0,1.0,0.0,0.0,0.0,0.0,0.0,0.0,2.811182169373411,0.0,0.0,0.0,0.0,0.0,0.0,False,False,0.0,0.0,0.0,0.0,0.0,0.0,-0.0,0.0,0.0,0.0,0.0,0.0,0.0,0.0,False,False,False,0.0,0.0,0.0,0.0,0.0,0.0,0.0,0.0,0.0,0.0,False,False,False,0.0,0.0,0.0,0.0,0.0,0.0,0.0,0.0,0.0,0.0,False,False,True,1.8111821693734111,0.0,0.0,0.0,0.0,0.0,0.0,0.0
2024-01-01 00:10:00+00:00,0.0,False,False,0.0,0.0,0.0,0.0,0.0,40.0,0.0,False,6666.666666666666,0.0,6666.666666666666,0.0,1.8111821693734111,49.39627261020886,False,False,True,False,0.0,0.0,0.0,0.0,0.0,0.0,0.0,0.0,0.0,0.0,0.0,0.0,0.0,0.0,0.0,0.0,0.0,False,False,0.0,0.0,0.0,0.0,0.0,0.0,-0.0,0.0,0.0,0.0,0.0,0.0,0.0,0.0,False,False,False,0.0,0.0,0.0,0.0,0.0,0.0,0.0,0.0,0.0,0.0,False,False,False,0.0,0.0,0.0,0.0,0.0,0.0,0.0,0.0,0.0,0.0,False,False,True,1.8111821693734111,0.0,0.0,0.0,0.0,0.0,0.0,0.0
2024-01-01 00:20:00+00:00,0.0,False,False,0.0,0.0,0.0,0.0,0.0,40.0,0.0,False,6666.666666666666,0.0,6666.666666666666,0.0,1.8111821693734111,49.094408915313295,False,False,True,False,0.0,0.0,0.0,0.0,0.0,0.0,0.0,0.0,0.0,0.0,0.0,0.0,0.0,0.0,0.0,0.0,0.0,False,False,0.0,0.0,0.0,0.0,0.0,0.0,-0.0,0.0,0.0,0.0,0.0,0.0,0.0,0.0,False,False,False,0.0,0.0,0.0,0.0,0.0,0.0,0.0,0.0,0.0,0.0,False,False,False,0.0,0.0,0.0,0.0,0.0,0.0,0.0,0.0,0.0,0.0,False,False,True,1.8111821693734111,0.0,0.0,0.0,0.0,0.0,0.0,0.0
2024-01-01 00:30:00+00:00,0.0,False,False,0.0,0.0,0.0,0.0,0.0,40.0,0.0,False,6666.666666666666,0.0,6666.666666666666,0.0,1.8111821693734111,48.79254522041772,False,False,True,False,0.0,0.0,0.0,0.0,0.0,0.0,0.0,0.0,0.0,0.0,0.0,0.0,0.0,0.0,0.0,0.0,0.0,False,False,0.0,0.0,0.0,0.0,0.0,0.0,-0.0,0.0,0.0,0.0,0.0,0.0,0.0,0.0,False,False,False,0.0,0.0,0.0,0.0,0.0,0.0,0.0,0.0,0.0,0.0,False,False,False,0.0,0.0,0.0,0.0,0.0,0.0,0.0,0.0,0.0,0.0,False,False,True,1.8111821693734111,0.0,0.0,0.0,0.0,0.0,0.0,0.0
2024-01-01 00:40:00+00:00,0.0,False,False,0.0,0.0,0.0,0.0,0.0,40.0,0.0,False,6666.666666666666,0.0,6666.666666666666,0.0,1.8111821693734111,48.490681525522156,False,False,True,False,0.0,0.0,0.0,0.0,0.0,0.0,0.0,0.0,0.0,0.0,0.0,0.0,0.0,0.0,0.0,0.0,0.0,False,False,0.0,0.0,0.0,0.0,0.0,0.0,-0.0,0.0,0.0,0.0,0.0,0.0,0.0,0.0,False,False,False,0.0,0.0,0.0,0.0,0.0,0.0,0.0,0.0,0.0,0.0,False,False,False,0.0,0.0,0.0,0.0,0.0,0.0,0.0,0.0,0.0,0.0,False,False,True,1.8111821693734111,0.0,0.0,0.0,0.0,0.0,0.0,0.0
2024-01-01 00:50:00+00:00,0.0,False,False,0.0,0.0,0.0,0.0,0.0,40.0,0.0,False,6666.666666666666,0.0,6666.666666666666,0.0,1.8111821693734111,48.18881783062659,False,False,True,False,0.0,0.0,0.0,0.0,0.0,0.0,0.0,0.0,0.0,0.0,0.0,0.0,0.0,0.0,0.0,0.0,0.0,False,False,0.0,0.0,0.0,0.0,0.0,0.0,-0.0,0.0,0.0,0.0,0.0,0.0,0.0,0.0,False,False,False,0.0,0.0,0.0,0.0,0.0,0.0,0.0,0.0,0.0,0.0,False,False,False,0.0,0.0,0.0,0.0,0.0,0.0,0.0,0.0,0.0,0.0,False,False,True,1.8111821693734111,0.0,0.0,0.0,0.0,0.0,0.0,0.0
2024-01-01 01:00:00+00:00,0.0,False,False,0.0,0.0,0.0,0.0,45.32915111843235,0.0,5.32915111843235,True,0.0,888.1918530720583,888.1918530720583,0.0,2.1571954091088905,47.82928526244177,False,False,True,False,0.0,0.0,0.0,0.0,0.0,0.0,0.0,0.0,0.0,0.0,0.34601323973547937,0.0,0.0,0.0,0.0,0.0,0.0,False,False,0.0,0.0,0.0,0.0,0.0,0.0,-0.0,0.0,0.0,0.0,0.0,0.0,0.0,0.0,False,False,False,0.0,0.0,0.0,0.0,0.0,0.0,0.0,0.0,0.0,0.0,False,False,False,0.0,0.0,0.0,0.0,0.0,0.0,0.0,0.0,2.1571954091088905,45.32915111843235,True,True,False,0.0,0.0,114.15525114155251,1.9025875190258752,0.0,0.0,0.0,116.05783866057838
2024-01-01 01:10:00+00:00,0.0,False,False,0.0,0.0,0.0,0.0,45.32915111843235,0.0,5.32915111843235,True,0.0,888.1918530720583,888.1918530720583,0.0,2.1571954091088905,47.469752694256954,False,False,True,False,0.0,0.0,0.0,0.0,0.0,0.0,0.0,0.0,0.0,0.0,0.0,0.0,0.0,0.0,0.0,0.0,0.0,False,False,0.0,0.0,0.0,0.0,0.0,0.0,-0.0,0.0,0.0,0.0,0.0,0.0,0.0,0.0,False,False,False,0.0,0.0,0.0,0.0,0.0,0.0,0.0,0.0,0.0,0.0,False,False,False,0.0,0.0,0.0,0.0,0.0,0.0,0.0,0.0,2.1571954091088905,45.32915111843235,True,False,False,0.0,0.0,0.0,1.9025875190258752,0.0,0.0,0.0,1.9025875190258752
2024-01-01 01:20:00+00:00,0.0,False,False,0.0,0.0,0.0,0.0,45.32915111843234,0.0,5.329151118432343,True,0.0,888.191853072057,888.191853072057,0.0,2.15719540910889,47.110220126072136,False,False,True,False,0.0,0.0,0.0,0.0,0.0,0.0,0.0,0.0,0.0,0.0,4.440892098500626e-16,0.0,0.0,0.0,0.0,0.0,0.0,False,False,0.0,0.0,0.0,0.0,0.0,0.0,-0.0,0.0,0.0,0.0,0.0,0.0,0.0,0.0,False,False,False,0.0,0.0,0.0,0.0,0.0,0.0,0.0,0.0,0.0,0.0,False,False,False,0.0,0.0,0.0,0.0,0.0,0.0,0.0,0.0,2.15719540910889,45.32915111843234,True,False,False,0.0,0.0,0.0,1.9025875190258752,0.0,0.0,0.0,1.9025875190258752
2024-01-01 01:30:00+00:00,0.0,False,False,0.0,0.0,0.0,0.0,45.32915111843235,0.0,5.32915111843235,True,0.0,888.1918530720583,888.1918530720583,0.0,2.1571954091088905,46.75068755788732,False,False,True,False,0.0,0.0,0.0,0.0,0.0,0.0,0.0,0.0,0.0,0.0,4.440892098500626e-16,0.0,0.0,0.0,0.0,0.0,0.0,False,False,0.0,0.0,0.0,0.0,0.0,0.0,-0.0,0.0,0.0,0.0,0.0,0.0,0.0,0.0,False,False,False,0.0,0.0,0.0,0.0,0.0,0.0,0.0,0.0,0.0,0.0,False,False,False,0.0,0.0,0.0,0.0,0.0,0.0,0.0,0.0,2.1571954091088905,45.32915111843235,True,False,False,0.0,0.0,0.0,1.9025875190258752,0.0,0.0,0.0,1.9025875190258752
2024-01-01 01:40:00+00:00,0.0,False,False,0.0,0.0,0.0,0.0,45.32915111843234,0.0,5.329151118432343,True,0.0,888.191853072057,888.191853072057,0.0,2.15719540910889,46.3911549897025,False,False,True,False,0.0,0.0,0.0,0.0,0.0,0.0,0.0,0.0,0.0,0.0,4.440892098500626e-16,0.0,0.0,0.0,0.0,0.0,0.0,False,False,0.0,0.0,0.0,0.0,0.0,0.0,-0.0,0.0,0.0,0.0,0.0,0.0,0.0,0.0,False,False,False,0.0,0.0,0.0,0.0,0.0,0.0,0.0,0.0,0.0,0.0,False,False,False,0.0,0.0,0.0,0.0,0.0,0.0,0.0,0.0,2.15719540910889,45.32915111843234,True,False,False,0.0,0.0,0.0,1.9025875190258752,0.0,0.0,0.0,1.9025875190258752
2024-01-01 01:50:00+00:00,0.0,False,False,0.0,0.0,0.0,0.0,45.32915111843234,0.0,5.329151118432343,True,0.0,888.191853072057,888.191853072057,0.0,2.15719540910889,46.03162242151768,False,False,True,False,0.0,0.0,0.0,0.0,0.0,0.0,0.0,0.0,0.0,0.0,0.0,0.0,0.0,0.0,0.0,0.0,0.0,False,False,0.0,0.0,0.0,0.0,0.0,0.0,-0.0,0.0,0.0,0.0,0.0,0.0,0.0,0.0,False,False,False,0.0,0.0,0.0,0.0,0.0,0.0,0.0,0.0,0.0,0.0,False,False,False,0.0,0.0,0.0,0.0,0.0,0.0,0.0,0.0,2.15719540910889,45.32915111843234,True,False,False,0.0,0.0,0.0,1.9025875190258752,0.0,0.0,0.0,1.9025875190258752
2024-01-01 02:00:00+00:00,0.0,False,False,0.0,0.0,0.0,0.0,45.32915111843234,0.0,5.329151118432343,True,0.0,888.191853072057,888.191853072057,0.0,2.15719540910889,45.672089853332864,False,False,True,False,0.0,0.0,0.0,0.0,0.0,0.0,0.0,0.0,0.0,0.0,0.0,0.0,0.0,0.0,0.0,0.0,0.0,False,False,0.0,0.0,0.0,0.0,0.0,0.0,-0.0,0.0,0.0,0.0,0.0,0.0,0.0,0.0,False,False,False,0.0,0.0,0.0,0.0,0.0,0.0,0.0,0.0,0.0,0.0,False,False,False,0.0,0.0,0.0,0.0,0.0,0.0,0.0,0.0,2.15719540910889,45.32915111843234,True,False,False,0.0,0.0,0.0,1.9025875190258752,0.0,0.0,0.0,1.9025875190258752
2024-01-01 02:10:00+00:00,0.0,False,False,0.0,0.0,0.0,0.0,45.32915111843234,0.0,5.329151118432343,True,0.0,888.191853072057,888.191853072057,0.0,2.15719540910889,45.312557285148046,False,False,True,False,0.0,0.0,0.0,0.0,0.0,0.0,0.0,0.0,0.0,0.0,0.0,0.0,0.0,0.0,0.0,0.0,0.0,False,False,0.0,0.0,0.0,0.0,0.0,0.0,-0.0,0.0,0.0,0.0,0.0,0.0,0.0,0.0,False,False,False,0.0,0.0,0.0,0.0,0.0,0.0,0.0,0.0,0.0,0.0,False,False,False,0.0,0.0,0.0,0.0,0.0,0.0,0.0,0.0,2.15719540910889,45.32915111843234,True,False,False,0.0,0.0,0.0,1.9025875190258752,0.0,0.0,0.0,1.9025875190258752
2024-01-01 02:20:00+00:00,0.0,False,False,0.0,0.0,0.0,0.0,45.32915111843234,0.0,5.329151118432343,True,0.0,888.191853072057,888.191853072057,0.0,2.15719540910889,44.95302471696323,False,False,True,False,0.0,0.0,0.0,0.0,0.0,0.0,0.0,0.0,0.0,0.0,0.0,0.0,0.0,0.0,0.0,0.0,0.0,False,False,0.0,0.0,0.0,0.0,0.0,0.0,-0.0,0.0,0.0,0.0,0.0,0.0,0.0,0.0,False,False,False,0.0,0.0,0.0,0.0,0.0,0.0,0.0,0.0,0.0,0.0,False,False,False,0.0,0.0,0.0,0.0,0.0,0.0,0.0,0.0,2.15719540910889,45.32915111843234,True,False,False,0.0,0.0,0.0,1.9025875190258752,0.0,0.0,0.0,1.9025875190258752
2024-01-01 02:30:00+00:00,0.0,False,False,0.0,0.0,0.0,0.0,45.32915111843235,0.0,5.32915111843235,True,0.0,888.1918530720583,888.1918530720583,0.0,2.1571954091088905,44.59349214877841,False,False,True,False,0.0,0.0,0.0,0.0,0.0,0.0,0.0,0.0,0.0,0.0,4.440892098500626e-16,0.0,0.0,0.0,0.0,0.0,0.0,False,False,0.0,0.0,0.0,0.0,0.0,0.0,-0.0,0.0,0.0,0.0,0.0,0.0,0.0,0.0,False,False,False,0.0,0.0,0.0,0.0,0.0,0.0,0.0,0.0,0.0,0.0,False,False,False,0.0,0.0,0.0,0.0,0.0,0.0,0.0,0.0,2.1571954091088905,45.32915111843235,True,False,False,0.0,0.0,0.0,1.9025875190258752,0.0,0.0,0.0,1.9025875190258752
2024-01-01 02:40:00+00:00,0.0,False,False,0.0,0.0,0.0,0.0,45.32915111843234,0.0,5.329151118432343,True,0.0,888.191853072057,888.191853072057,0.0,2.15719540910889,44.23395958059359,False,False,True,False,0.0,0.0,0.0,0.0,0.0,0.0,0.0,0.0,0.0,0.0,4.440892098500626e-16,0.0,0.0,0.0,0.0,0.0,0.0,False,False,0.0,0.0,0.0,0.0,0.0,0.0,-0.0,0.0,0.0,0.0,0.0,0.0,0.0,0.0,False,False,False,0.0,0.0,0.0,0.0,0.0,0.0,0.0,0.0,0.0,0.0,False,False,False,0.0,0.0,0.0,0.0,0.0,0.0,0.0,0.0,2.15719540910889,45.32915111843234,True,False,False,0.0,0.0,0.0,1.9025875190258752,0.0,0.0,0.0,1.9025875190258752
2024-01-01 02:50:00+00:00,0.0,False,False,0.0,0.0,0.0,0.0,45.32915111843234,0.0,5.329151118432343,True,0.0,888.191853072057,888.191853072057,0.0,2.1571954091088896,43.87442701240877,False,False,True,False,0.0,0.0,0.0,0.0,0.0,0.0,0.0,0.0,0.0,0.0,4.440892098500626e-16,0.0,0.0,0.0,0.0,0.0,0.0,False,False,0.0,0.0,0.0,0.0,0.0,0.0,-0.0,0.0,0.0,0.0,0.0,0.0,0.0,0.0,False,False,False,0.0,0.0,0.0,0.0,0.0,0.0,0.0,0.0,0.0,0.0,False,False,False,0.0,0.0,0.0,0.0,0.0,0.0,0.0,0.0,2.1571954091088896,45.32915111843234,True,False,False,0.0,0.0,0.0,1.9025875190258752,0.0,0.0,0.0,1.9025875190258752
2024-01-01 03:00:00+00:00,0.0,False,False,0.0,0.0,0.0,0.0,45.32915111843235,0.0,5.32915111843235,True,0.0,888.1918530720583,888.1918530720583,0.0,2.1571954091088905,43.514894444223955,False,False,True,False,0.0,0.0,0.0,0.0,0.0,0.0,0.0,0.0,0.0,0.0,8.881784197001252e-16,0.0,0.0,0.0,0.0,0.0,0.0,False,False,0.0,0.0,0.0,0.0,0.0,0.0,-0.0,0.0,0.0,0.0,0.0,0.0,0.0,0.0,False,False,False,0.0,0.0,0.0,0.0,0.0,0.0,0.0,0.0,0.0,0.0,False,False,False,0.0,0.0,0.0,0.0,0.0,0.0,0.0,0.0,2.1571954091088905,45.32915111843235,True,False,False,0.0,0.0,0.0,1.9025875190258752,0.0,0.0,0.0,1.9025875190258752
2024-01-01 03:10:00+00:00,0.0,False,False,0.0,0.0,0.0,0.0,45.32915111843235,0.0,5.32915111843235,True,0.0,888.1918530720583,888.1918530720583,0.0,2.1571954091088905,43.15536187603914,False,False,True,False,0.0,0.0,0.0,0.0,0.0,0.0,0.0,0.0,0.0,0.0,0.0,0.0,0.0,0.0,0.0,0.0,0.0,False,False,0.0,0.0,0.0,0.0,0.0,0.0,-0.0,0.0,0.0,0.0,0.0,0.0,0.0,0.0,False,False,False,0.0,0.0,0.0,0.0,0.0,0.0,0.0,0.0,0.0,0.0,False,False,False,0.0,0.0,0.0,0.0,0.0,0.0,0.0,0.0,2.1571954091088905,45.32915111843235,True,False,False,0.0,0.0,0.0,1.9025875190258752,0.0,0.0,0.0,1.9025875190258752
2024-01-01 03:20:00+00:00,0.0,False,False,0.0,0.0,0.0,0.0,45.32915111843235,0.0,5.32915111843235,True,0.0,888.1918530720583,888.1918530720583,0.0,2.1571954091088905,42.79582930785432,False,False,True,False,0.0,0.0,0.0,0.0,0.0,0.0,0.0,0.0,0.0,0.0,0.0,0.0,0.0,0.0,0.0,0.0,0.0,False,False,0.0,0.0,0.0,0.0,0.0,0.0,-0.0,0.0,0.0,0.0,0.0,0.0,0.0,0.0,False,False,False,0.0,0.0,0.0,0.0,0.0,0.0,0.0,0.0,0.0,0.0,False,False,False,0.0,0.0,0.0,0.0,0.0,0.0,0.0,0.0,2.1571954091088905,45.32915111843235,True,False,False,0.0,0.0,0.0,1.9025875190258752,0.0,0.0,0.0,1.9025875190258752
2024-01-01 03:30:00+00:00,0.0,False,False,0.0,0.0,0.0,0.0,45.32915111843235,0.0,5.32915111843235,True,0.0,888.1918530720583,888.1918530720583,0.0,2.1571954091088905,42.4362967396695,False,False,True,False,0.0,0.0,0.0,0.0,0.0,0.0,0.0,0.0,0.0,0.0,0.0,0.0,0.0,0.0,0.0,0.0,0.0,False,False,0.0,0.0,0.0,0.0,0.0,0.0,-0.0,0.0,0.0,0.0,0.0,0.0,0.0,0.0,False,False,False,0.0,0.0,0.0,0.0,0.0,0.0,0.0,0.0,0.0,0.0,False,False,False,0.0,0.0,0.0,0.0,0.0,0.0,0.0,0.0,2.1571954091088905,45.32915111843235,True,False,False,0.0,0.0,0.0,1.9025875190258752,0.0,0.0,0.0,1.9025875190258752
2024-01-01 03:40:00+00:00,0.0,False,False,0.0,0.0,0.0,0.0,45.32915111843234,0.0,5.329151118432343,True,0.0,888.191853072057,888.191853072057,0.0,2.15719540910889,42.07676417148469,False,False,True,False,0.0,0.0,0.0,0.0,0.0,0.0,0.0,0.0,0.0,0.0,4.440892098500626e-16,0.0,0.0,0.0,0.0,0.0,0.0,False,False,0.0,0.0,0.0,0.0,0.0,0.0,-0.0,0.0,0.0,0.0,0.0,0.0,0.0,0.0,False,False,False,0.0,0.0,0.0,0.0,0.0,0.0,0.0,0.0,0.0,0.0,False,False,False,0.0,0.0,0.0,0.0,0.0,0.0,0.0,0.0,2.15719540910889,45.32915111843234,True,False,False,0.0,0.0,0.0,1.9025875190258752,0.0,0.0,0.0,1.9025875190258752
2024-01-01 03:50:00+00:00,0.0,False,False,0.0,0.0,0.0,0.0,45.32915111843235,0.0,5.32915111843235,True,0.0,888.1918530720583,888.1918530720583,0.0,2.1571954091088905,41.71723160329988,False,False,True,False,0.0,0.0,0.0,0.0,0.0,0.0,0.0,0.0,0.0,0.0,4.440892098500626e-16,0.0,0.0,0.0,0.0,0.0,0.0,False,False,0.0,0.0,0.0,0.0,0.0,0.0,-0.0,0.0,0.0,0.0,0.0,0.0,0.0,0.0,False,False,False,0.0,0.0,0.0,0.0,0.0,0.0,0.0,0.0,0.0,0.0,False,False,False,0.0,0.0,0.0,0.0,0.0,0.0,0.0,0.0,2.1571954091088905,45.32915111843235,True,False,False,0.0,0.0,0.0,1.9025875190258752,0.0,0.0,0.0,1.9025875190258752
2024-01-01 04:00:00+00:00,0.0,False,False,0.0,0.0,0.0,0.0,45.32915111843234,0.0,5.329151118432343,True,0.0,888.191853072057,888.191853072057,0.0,2.15719540910889,41.35769903511506,False,False,True,False,0.0,0.0,0.0,0.0,0.0,0.0,0.0,0.0,0.0,0.0,4.440892098500626e-16,0.0,0.0,0.0,0.0,0.0,0.0,False,False,0.0,0.0,0.0,0.0,0.0,0.0,-0.0,0.0,0.0,0.0,0.0,0.0,0.0,0.0,False,False,False,0.0,0.0,0.0,0.0,0.0,0.0,0.0,0.0,0.0,0.0,False,False,False,0.0,0.0,0.0,0.0,0.0,0.0,0.0,0.0,2.15719540910889,45.32915111843234,True,False,False,0.0,0.0,0.0,1.9025875190258752,0.0,0.0,0.0,1.9025875190258752
2024-01-01 04:10:00+00:00,0.0,False,False,0.0,0.0,0.0,0.0,45.32915111843234,0.0,5.329151118432343,True,0.0,888.191853072057,888.191853072057,0.0,2.15719540910889,40.99816646693025,False,False,True,False,0.0,0.0,0.0,0.0,0.0,0.0,0.0,0.0,0.0,0.0,0.0,0.0,0.0,0.0,0.0,0.0,0.0,False,False,0.0,0.0,0.0,0.0,0.0,0.0,-0.0,0.0,0.0,0.0,0.0,0.0,0.0,0.0,False,False,False,0.0,0.0,0.0,0.0,0.0,0.0,0.0,0.0,0.0,0.0,False,False,False,0.0,0.0,0.0,0.0,0.0,0.0,0.0,0.0,2.15719540910889,45.32915111843234,True,False,False,0.0,0.0,0.0,1.9025875190258752,0.0,0.0,0.0,1.9025875190258752
2024-01-01 04:20:00+00:00,0.0,False,False,0.0,0.0,0.0,0.0,45.32915111843234,0.0,5.329151118432343,True,0.0,888.191853072057,888.191853072057,0.0,2.15719540910889,40.63863389874544,False,False,True,False,0.0,0.0,0.0,0.0,0.0,0.0,0.0,0.0,0.0,0.0,0.0,0.0,0.0,0.0,0.0,0.0,0.0,False,False,0.0,0.0,0.0,0.0,0.0,0.0,-0.0,0.0,0.0,0.0,0.0,0.0,0.0,0.0,False,False,False,0.0,0.0,0.0,0.0,0.0,0.0,0.0,0.0,0.0,0.0,False,False,False,0.0,0.0,0.0,0.0,0.0,0.0,0.0,0.0,2.15719540910889,45.32915111843234,True,False,False,0.0,0.0,0.0,1.9025875190258752,0.0,0.0,0.0,1.9025875190258752
2024-01-01 04:30:00+00:00,0.0,False,False,0.0,0.0,0.0,0.0,45.32915111843234,0.0,5.329151118432343,True,0.0,888.191853072057,888.191853072057,0.0,2.15719540910889,40.279101330560636,False,False,True,False,0.0,0.0,0.0,0.0,0.0,0.0,0.0,0.0,0.0,0.0,0.0,0.0,0.0,0.0,0.0,0.0,0.0,False,False,0.0,0.0,0.0,0.0,0.0,0.0,-0.0,0.0,0.0,0.0,0.0,0.0,0.0,0.0,False,False,False,0.0,0.0,0.0,0.0,0.0,0.0,0.0,0.0,0.0,0.0,False,False,False,0.0,0.0,0.0,0.0,0.0,0.0,0.0,0.0,2.15719540910889,45.32915111843234,True,False,False,0.0,0.0,0.0,1.9025875190258752,0.0,0.0,0.0,1.9025875190258752
2024-01-01 04:40:00+00:00,0.0,False,False,0.0,0.0,0.0,0.0,45.32915111843234,0.0,5.329151118432343,True,0.0,888.191853072057,888.191853072057,0.0,2.1571954091088896,39.91956876237582,False,False,True,False,0.0,0.0,0.0,0.0,0.0,0.0,0.0,0.0,0.0,0.0,4.440892098500626e-16,0.0,0.0,0.0,0.0,0.0,0.0,False,False,0.0,0.0,0.0,0.0,0.0,0.0,-0.0,0.0,0.0,0.0,0.0,0.0,0.0,0.0,False,False,False,0.0,0.0,0.0,0.0,0.0,0.0,0.0,0.0,0.0,0.0,False,False,False,0.0,0.0,0.0,0.0,0.0,0.0,0.0,0.0,2.1571954091088896,45.32915111843234,True,False,False,0.0,0.0,0.0,1.9025875190258752,0.0,0.0,0.0,1.9025875190258752
2024-01-01 04:50:00+00:00,0.0,False,False,0.0,0.0,0.0,0.0,45.32915111843234,0.0,5.329151118432343,True,0.0,888.191853072057,888.191853072057,0.0,2.15719540910889,39.560036194191,False,False,True,False,0.0,0.0,0.0,0.0,0.0,0.0,0.0,0.0,0.0,0.0,4.440892098500626e-16,0.0,0.0,0.0,0.0,0.0,0.0,False,False,0.0,0.0,0.0,0.0,0.0,0.0,-0.0,0.0,0.0,0.0,0.0,0.0,0.0,0.0,False,False,False,0.0,0.0,0.0,0.0,0.0,0.0,0.0,0.0,0.0,0.0,False,False,False,0.0,0.0,0.0,0.0,0.0,0.0,0.0,0.0,2.15719540910889,45.32915111843234,True,False,False,0.0,0.0,0.0,1.9025875190258752,0.0,0.0,0.0,1.9025875190258752
2024-01-01 05:00:00+00:00,0.0,False,False,0.0,0.0,0.0,0.0,45.32915111843234,0.0,5.329151118432343,True,0.0,888.191853072057,888.191853072057,0.0,2.1571954091088896,39.20050362600619,False,False,True,False,0.0,0.0,0.0,0.0,0.0,0.0,0.0,0.0,0.0,0.0,4.440892098500626e-16,0.0,0.0,0.0,0.0,0.0,0.0,False,False,0.0,0.0,0.0,0.0,0.0,0.0,-0.0,0.0,0.0,0.0,0.0,0.0,0.0,0.0,False,False,False,0.0,0.0,0.0,0.0,0.0,0.0,0.0,0.0,0.0,0.0,False,False,False,0.0,0.0,0.0,0.0,0.0,0.0,0.0,0.0,2.1571954091088896,45.32915111843234,True,False,False,0.0,0.0,0.0,1.9025875190258752,0.0,0.0,0.0,1.9025875190258752
2024-01-01 05:10:00+00:00,0.22949999999999982,True,True,0.1,0.0,0.19124999999999984,0.29124999999999984,45.32915111843235,0.0,5.32915111843235,True,0.0,888.1918530720583,888.1918530720583,0.0,1.9276954091088907,38.879221057821375,False,False,True,False,0.0,0.0,0.0,0.0,0.0,0.0,0.0,0.0,0.0,0.0,0.22949999999999893,0.0,0.0,0.0,0.0,0.0,0.0,False,False,0.0,0.0,0.0,0.0,0.0,0.0,-0.0,0.0,0.0,0.0,0.0,0.0,0.0,0.0,False,False,False,0.0,0.0,0.0,0.0,0.0,0.0,0.0,0.0,0.0,0.0,False,False,False,0.0,0.0,0.0,0.0,0.0,0.0,0.0,0.0,2.1571954091088905,45.32915111843235,True,False,False,0.0,0.0,0.0,1.9025875190258752,0.0,0.0,0.0,1.9025875190258752
2024-01-01 05:20:00+00:00,0.4590000000000001,True,False,0.0,0.0,0.3825,0.3825,45.32915111843234,0.0,5.329151118432343,True,0.0,888.191853072057,888.191853072057,0.0,1.69819540910889,38.59618848963656,False,False,True,False,0.0,0.0,0.0,0.0,0.0,0.0,0.0,0.0,0.0,0.0,0.2295000000000007,0.0,0.0,0.0,0.0,0.0,0.0,False,False,0.0,0.0,0.0,0.0,0.0,0.0,-0.0,0.0,0.0,0.0,0.0,0.0,0.0,0.0,False,False,False,0.0,0.0,0.0,0.0,0.0,0.0,0.0,0.0,0.0,0.0,False,False,False,0.0,0.0,0.0,0.0,0.0,0.0,0.0,0.0,2.15719540910889,45.32915111843234,True,False,False,0.0,0.0,0.0,1.9025875190258752,0.0,0.0,0.0,1.9025875190258752
2024-01-01 05:30:00+00:00,0.6884999999999999,True,False,0.0,0.0,0.5737499999999999,0.5737499999999999,45.32915111843234,0.0,5.329151118432343,True,0.0,888.191853072057,888.191853072057,0.0,1.4686954091088902,38.35140592145174,False,False,True,False,0.0,0.0,0.0,0.0,0.0,0.0,0.0,0.0,0.0,0.0,0.22949999999999982,0.0,0.0,0.0,0.0,0.0,0.0,False,False,0.0,0.0,0.0,0.0,0.0,0.0,-0.0,0.0,0.0,0.0,0.0,0.0,0.0,0.0,False,False,False,0.0,0.0,0.0,0.0,0.0,0.0,0.0,0.0,0.0,0.0,False,False,False,0.0,0.0,0.0,0.0,0.0,0.0,0.0,0.0,2.15719540910889,45.32915111843234,True,False,False,0.0,0.0,0.0,1.9025875190258752,0.0,0.0,0.0,1.9025875190258752
2024-01-01 05:40:00+00:00,0.9179999999999993,True,False,0.0,0.0,0.7649999999999993,0.7649999999999993,45.32915111843235,0.0,5.32915111843235,True,0.0,888.1918530720583,888.1918530720583,0.0,1.2391954091088913,38.14487335326693,False,False,True,False,0.0,0.0,0.0,0.0,0.0,0.0,0.0,0.0,0.0,0.0,0.22949999999999893,0.0,0.0,0.0,0.0,0.0,0.0,False,False,0.0,0.0,0.0,0.0,0.0,0.0,-0.0,0.0,0.0,0.0,0.0,0.0,0.0,0.0,False,False,False,0.0,0.0,0.0,0.0,0.0,0.0,0.0,0.0,0.0,0.0,False,False,False,0.0,0.0,0.0,0.0,0.0,0.0,0.0,0.0,2.1571954091088905,45.32915111843235,True,False,False,0.0,0.0,0.0,1.9025875190258752,0.0,0.0,0.0,1.9025875190258752
2024-01-01 05:50:00+00:00,1.1475000000002131,True,False,0.0,0.0,0.9562500000001776,0.9562500000001776,45.32915111843235,0.0,5.32915111843235,True,0.0,888.1918530720583,888.1918530720583,0.0,1.0096954091086774,37.97659078508215,False,False,True,False,0.0,0.0,0.0,0.0,0.0,0.0,0.0,0.0,0.0,0.0,0.22950000000021387,0.0,0.0,0.0,0.0,0.0,0.0,False,False,0.0,0.0,0.0,0.0,0.0,0.0,-0.0,0.0,0.0,0.0,0.0,0.0,0.0,0.0,False,False,False,0.0,0.0,0.0,0.0,0.0,0.0,0.0,0.0,0.0,0.0,False,False,False,0.0,0.0,0.0,0.0,0.0,0.0,0.0,0.0,2.1571954091088905,45.32915111843235,True,False,False,0.0,0.0,0.0,1.9025875190258752,0.0,0.0,0.0,1.9025875190258752
2024-01-01 06:00:00+00:00,1.3770000000000007,True,False,0.0,0.0,1.1475000000000004,1.1475000000000004,45.32915111843235,0.0,5.32915111843235,True,0.0,888.1918530720583,888.1918530720583,0.0,0.7801954091088898,37.846558216897336,False,False,True,False,0.0,0.0,0.0,0.0,0.0,0.0,0.0,0.0,0.0,0.0,0.22949999999978754,0.0,0.0,0.0,0.0,0.0,0.0,False,False,0.0,0.0,0.0,0.0,0.0,0.0,-0.0,0.0,0.0,0.0,0.0,0.0,0.0,0.0,False,False,False,0.0,0.0,0.0,0.0,0.0,0.0,0.0,0.0,0.0,0.0,False,False,False,0.0,0.0,0.0,0.0,0.0,0.0,0.0,0.0,2.1571954091088905,45.32915111843235,True,False,False,0.0,0.0,0.0,1.9025875190258752,0.0,0.0,0.0,1.9025875190258752
2024-01-01 06:10:00+00:00,2.300163188452217,True,False,0.0,0.0,1.916802657043514,1.916802657043514,48.33333333,0.0,0.0,True,0.0,0.0,0.0,0.0,0.0,37.846558216897336,False,False,False,False,0.0,0.0,0.0,0.0,0.0,0.0,0.0,0.0,0.0,0.0,0.7801954091088898,0.0,0.0,0.0,0.0,0.0,0.0,False,False,0.0,0.0,0.0,0.0,0.0,0.0,-0.0,0.0,0.0,0.0,0.0,0.0,0.0,0.0,False,False,False,0.0,0.0,0.0,0.0,0.0,0.0,0.0,0.0,0.0,0.0,False,False,False,0.0,0.0,0.0,0.0,0.0,0.0,0.0,0.0,2.300163188452217,48.33333333,True,False,False,0.0,0.0,0.0,1.9025875190258752,0.0,0.0,0.0,1.9025875190258752
2024-01-01 06:20:00+00:00,7.183666666666667,True,False,0.0,0.0,5.9863888888888885,5.9863888888888885,56.66666667,0.0,0.0,True,0.0,0.0,0.0,4.486923617791868,0.0,38.59437881986264,True,True,False,False,1.0,0.016666666666666666,0.0,0.0,0.0,0.0,0.0,0.0,0.0,0.0,5.503590284458535,0.0,0.0,0.0,0.0,0.0,0.0,False,False,0.0,0.0,0.0,0.0,0.0,0.0,-0.0,0.0,0.0,0.0,0.0,0.0,0.0,0.0,False,False,False,0.0,0.0,0.0,0.0,0.0,0.0,0.0,0.0,0.0,0.0,False,False,False,0.0,0.0,0.0,0.0,0.0,0.0,0.0,0.0,2.6967430488747994,56.66666667,True,False,False,0.0,0.0,0.0,1.9025875190258752,0.0,0.0,0.0,1.9025875190258752
2024-01-01 06:30:00+00:00,9.482706417689396,True,False,0.0,0.0,7.902255348074497,7.902255348074497,65.0,0.0,0.0,True,0.0,0.0,0.0,6.38938350886791,0.0,39.65927607134063,True,False,False,False,0.0,0.016666666666666666,0.0,0.0,0.0,0.0,0.0,0.0,0.0,0.0,1.9191265577427083,0.0,0.0,0.0,0.0,0.0,0.0,False,False,0.0,0.0,0.0,0.0,0.0,0.0,-0.0,0.0,0.0,0.0,0.0,0.0,0.0,0.0,False,False,False,0.0,0.0,0.0,0.0,0.0,0.0,0.0,0.0,0.0,0.0,False,False,False,0.0,0.0,0.0,0.0,0.0,0.0,0.0,0.0,3.093322908821486,65.0,True,False,False,0.0,0.0,0.0,1.9025875190258752,0.0,0.0,0.0,1.9025875190258752
2024-01-01 06:40:00+00:00,9.879286277636083,True,False,0.0,0.0,8.232738564696735,8.232738564696735,73.33333333,0.0,0.0,True,0.0,0.0,0.0,6.38938350886791,0.0,40.724173322818615,True,False,False,False,0.0,0.016666666666666666,0.0,0.0,0.0,0.0,0.0,0.0,0.0,0.0,0.016666666666666666,0.0,0.0,0.0,0.0,0.0,0.0,False,False,0.0,0.0,0.0,0.0,0.0,0.0,-0.0,0.0,0.0,0.0,0.0,0.0,0.0,0.0,False,False,False,0.0,0.0,0.0,0.0,0.0,0.0,0.0,0.0,0.0,0.0,False,False,False,0.0,0.0,0.0,0.0,0.0,0.0,0.0,0.0,3.489902768768173,73.33333333,True,False,False,0.0,0.0,0.0,1.9025875190258752,0.0,0.0,0.0,1.9025875190258752
2024-01-01 06:50:00+00:00,10.853688415194366,True,False,0.0,0.0,9.044740345995304,9.044740345995304,81.66666667,0.0,0.0,True,0.0,0.0,0.0,6.38938350886791,0.0,41.7890705742966,True,False,False,False,0.0,0.016666666666666666,0.0,0.0,0.0,0.0,0.0,0.0,0.0,0.0,0.016666666666666666,0.0,0.0,0.0,0.0,0.0,0.0,False,False,0.0,0.0,0.0,0.0,0.0,0.0,-0.0,0.0,0.0,0.0,0.0,0.0,0.0,0.0,False,False,False,0.0,0.0,0.0,0.0,0.0,0.0,0.0,0.0,0.0,0.0,False,False,False,0.0,0.0,0.0,0.0,0.0,0.0,0.0,0.0,4.464304906326455,81.66666667,True,False,False,0.0,0.0,0.0,1.9025875190258752,0.0,0.0,0.0,1.9025875190258752
2024-01-01 07:00:00+00:00,11.309229731965644,True,False,0.0,0.0,9.424358109971369,9.424358109971369,90.0,0.0,0.0,True,0.0,0.0,0.0,6.38938350886791,0.0,42.85396782577459,True,False,False,False,0.0,0.016666666666666666,0.0,0.0,0.0,0.0,0.0,0.0,0.0,0.0,0.016666666666666666,0.0,0.0,0.0,0.0,0.0,0.0,False,False,0.0,0.0,0.0,0.0,0.0,0.0,-0.0,0.0,0.0,0.0,0.0,0.0,0.0,0.0,False,False,False,0.0,0.0,0.0,0.0,0.0,0.0,0.0,0.0,0.0,0.0,False,False,False,0.0,0.0,0.0,0.0,0.0,0.0,0.0,0.0,4.919846223097733,90.0,True,False,False,0.0,0.0,0.0,1.9025875190258752,0.0,0.0,0.0,1.9025875190258752
2024-01-01 07:10:00+00:00,11.309229731965644,True,False,0.0,0.0,9.424358109971369,9.424358109971369,90.0,0.0,0.0,True,0.0,0.0,0.0,6.38938350886791,0.0,43.918865077252576,True,False,False,False,0.0,0.016666666666666666,0.0,0.0,0.0,0.0,0.0,0.0,0.0,0.0,0.016666666666666666,0.0,0.0,0.0,0.0,0.0,0.0,False,False,0.0,0.0,0.0,0.0,0.0,0.0,-0.0,0.0,0.0,0.0,0.0,0.0,0.0,0.0,False,False,False,0.0,0.0,0.0,0.0,0.0,0.0,0.0,0.0,0.0,0.0,False,False,False,0.0,0.0,0.0,0.0,0.0,0.0,0.0,0.0,4.919846223097733,90.0,True,False,False,0.0,0.0,0.0,1.9025875190258752,0.0,0.0,0.0,1.9025875190258752
2024-01-01 07:20:00+00:00,11.309229731965644,True,False,0.0,0.0,9.424358109971369,9.424358109971369,90.0,0.0,0.0,True,0.0,0.0,0.0,6.38938350886791,0.0,44.98376232873056,True,False,False,False,0.0,0.016666666666666666,0.0,0.0,0.0,0.0,0.0,0.0,0.0,0.0,0.016666666666666666,0.0,0.0,0.0,0.0,0.0,0.0,False,False,0.0,0.0,0.0,0.0,0.0,0.0,-0.0,0.0,0.0,0.0,0.0,0.0,0.0,0.0,False,False,False,0.0,0.0,0.0,0.0,0.0,0.0,0.0,0.0,0.0,0.0,False,False,False,0.0,0.0,0.0,0.0,0.0,0.0,0.0,0.0,4.919846223097733,90.0,True,False,False,0.0,0.0,0.0,1.9025875190258752,0.0,0.0,0.0,1.9025875190258752
2024-01-01 07:30:00+00:00,13.120411901339054,True,False,0.0,0.0,10.933676584449211,10.933676584449211,90.0,0.0,0.0,True,0.0,0.0,0.0,6.38938350886791,0.0,46.04865958020855,True,False,False,False,0.0,0.016666666666666666,0.0,0.0,0.0,0.0,0.0,0.0,0.0,0.0,0.016666666666666666,0.0,0.0,0.0,0.0,0.0,0.0,False,False,0.0,0.0,0.0,0.0,0.0,0.0,-0.0,0.0,0.0,0.0,0.0,0.0,0.0,0.0,False,False,False,0.0,0.0,0.0,0.0,0.0,0.0,0.0,0.0,0.0,0.0,False,False,True,1.8111821693734111,0.0,0.0,0.0,0.0,0.0,0.0,0.0,4.919846223097733,90.0,True,False,False,0.0,0.0,0.0,1.9025875190258752,0.0,0.0,0.0,1.9025875190258752
2024-01-01 07:40:00+00:00,13.120411901339054,True,False,0.0,0.0,10.933676584449211,10.933676584449211,90.0,0.0,0.0,True,0.0,0.0,0.0,6.38938350886791,0.0,47.11355683168654,True,False,False,False,0.0,0.016666666666666666,0.0,0.0,0.0,0.0,0.0,0.0,0.0,0.0,0.016666666666666666,0.0,0.0,0.0,0.0,0.0,0.0,False,False,0.0,0.0,0.0,0.0,0.0,0.0,-0.0,0.0,0.0,0.0,0.0,0.0,0.0,0.0,False,False,False,0.0,0.0,0.0,0.0,0.0,0.0,0.0,0.0,0.0,0.0,False,False,True,1.8111821693734111,0.0,0.0,0.0,0.0,0.0,0.0,0.0,4.919846223097733,90.0,True,False,False,0.0,0.0,0.0,1.9025875190258752,0.0,0.0,0.0,1.9025875190258752
2024-01-01 07:50:00+00:00,13.120411901339054,True,False,0.0,0.0,10.933676584449211,10.933676584449211,90.0,0.0,0.0,True,0.0,0.0,0.0,6.38938350886791,0.0,48.178454083164524,True,False,False,False,0.0,0.016666666666666666,0.0,0.0,0.0,0.0,0.0,0.0,0.0,0.0,0.016666666666666666,0.0,0.0,0.0,0.0,0.0,0.0,False,False,0.0,0.0,0.0,0.0,0.0,0.0,-0.0,0.0,0.0,0.0,0.0,0.0,0.0,0.0,False,False,False,0.0,0.0,0.0,0.0,0.0,0.0,0.0,0.0,0.0,0.0,False,False,True,1.8111821693734111,0.0,0.0,0.0,0.0,0.0,0.0,0.0,4.919846223097733,90.0,True,False,False,0.0,0.0,0.0,1.9025875190258752,0.0,0.0,0.0,1.9025875190258752
2024-01-01 08:00:00+00:00,13.120411901339054,True,False,0.0,0.0,10.933676584449211,10.933676584449211,90.0,0.0,0.0,True,0.0,0.0,0.0,6.38938350886791,0.0,49.24335133464243,True,False,False,False,0.0,0.016666666666666666,0.0,0.0,0.0,0.0,0.0,0.0,0.0,0.0,0.016666666666666666,0.0,0.0,0.0,0.0,0.0,0.0,False,False,0.0,0.0,0.0,0.0,0.0,0.0,-0.0,0.0,0.0,0.0,0.0,0.0,0.0,0.0,False,False,False,0.0,0.0,0.0,0.0,0.0,0.0,0.0,0.0,0.0,0.0,False,False,True,1.8111821693734111,0.0,0.0,0.0,0.0,0.0,0.0,0.0,4.919846223097733,90.0,True,False,False,0.0,0.0,0.0,1.9025875190258752,0.0,0.0,0.0,1.9025875190258752
2024-01-01 08:10:00+00:00,15.033685432543727,True,False,0.0,0.0,12.528071193786438,12.528071193786438,125.0,0.0,0.0,True,0.0,0.0,0.0,6.38938350886791,0.0,50.30824858612042,True,False,False,False,0.0,0.016666666666666666,0.0,0.0,0.0,0.0,0.0,0.0,0.0,0.0,0.016666666666666666,0.0,0.0,0.0,0.0,0.0,0.0,False,False,0.0,0.0,0.0,0.0,0.0,0.0,-0.0,0.0,0.0,0.0,0.0,0.0,0.0,0.0,False,False,False,0.0,0.0,0.0,0.0,0.0,0.0,0.0,0.0,0.0,0.0,False,False,True,1.8111821693734111,0.0,0.0,0.0,0.0,0.0,0.0,0.0,6.833119754302406,125.0,True,False,False,0.0,0.0,0.0,1.9025875190258752,0.0,0.0,0.0,1.9025875190258752
2024-01-01 08:20:00+00:00,18.105257241860393,True,False,0.0,0.0,15.087714368216993,15.087714368216993,160.0,0.0,0.0,True,0.0,0.0,0.0,6.38938350886791,0.0,51.37314583759841,True,False,False,False,0.0,0.016666666666666666,0.0,0.0,0.0,0.0,0.0,0.0,0.0,0.0,0.016666666666666666,0.0,0.0,0.0,0.0,0.0,0.0,False,False,0.0,0.0,0.0,0.0,0.0,0.0,-0.0,0.0,0.0,0.0,0.0,0.0,0.0,0.0,False,False,False,0.0,0.0,0.0,0.0,0.0,0.0,0.0,0.0,0.0,0.0,False,False,True,1.8111821693734111,0.0,0.0,0.0,0.0,0.0,0.0,0.0,9.904691563619073,160.0,True,False,False,0.0,0.0,0.0,1.9025875190258752,0.0,0.0,0.0,1.9025875190258752
2024-01-01 08:30:00+00:00,16.428670825892908,True,False,0.0,0.0,13.690559021577423,13.690559021577423,195.0,0.0,0.0,True,0.0,0.0,0.0,6.38938350886791,0.0,52.438043089076395,True,False,False,False,0.0,0.016666666666666666,0.0,0.0,0.0,0.0,0.0,0.0,0.0,0.0,0.016666666666666666,0.0,0.0,0.0,0.0,0.0,0.0,False,False,0.0,0.0,0.0,0.0,0.0,0.0,-0.0,0.0,0.0,0.0,0.0,0.0,0.0,0.0,False,False,False,0.0,0.0,0.0,0.0,0.0,0.0,0.0,0.0,3.604401358514595,77.28499225301266,True,True,False,0.0,0.0,114.15525114155251,1.9025875190258752,0.0,0.0,0.0,116.05783866057838,6.434885958510401,117.71500774698734,True,False,False,0.0,0.0,0.0,1.9025875190258752,0.0,0.0,0.0,1.9025875190258752
2024-01-01 08:40:00+00:00,18.822616722820527,True,False,0.0,0.0,15.68551393568377,15.68551393568377,229.99999999999994,0.0,0.0,True,0.0,0.0,0.0,6.38938350886791,0.0,53.50294034055438,True,False,False,False,0.0,0.016666666666666666,0.0,0.0,0.0,0.0,0.0,0.0,0.0,0.0,0.016666666666666666,0.0,0.0,0.0,0.0,0.0,0.0,False,False,0.0,0.0,0.0,0.0,0.0,0.0,-0.0,0.0,0.0,0.0,0.0,0.0,0.0,0.0,False,False,False,0.0,0.0,0.0,0.0,0.0,0.0,0.0,0.0,6.845649564226493,127.78490918793058,True,False,False,0.0,0.0,0.0,1.9025875190258752,0.0,0.0,0.0,1.9025875190258752,5.587583649726125,102.21509081206936,True,False,False,0.0,0.0,0.0,1.9025875190258752,0.0,0.0,0.0,1.9025875190258752
2024-01-01 08:50:00+00:00,21.7292402753915,True,False,0.0,0.0,18.107700229492917,18.107700229492917,265.0,0.0,0.0,True,0.0,0.0,0.0,6.38938350886791,0.0,54.56783759203237,True,False,False,False,0.0,0.016666666666666666,0.0,0.0,0.0,0.0,0.0,0.0,0.0,0.0,0.016666666666666666,0.0,0.0,0.0,0.0,0.0,0.0,False,False,0.0,0.0,0.0,0.0,0.0,0.0,-0.0,0.0,0.0,0.0,0.0,0.0,0.0,0.0,False,False,False,0.0,0.0,0.0,0.0,0.0,0.0,0.0,0.0,6.845649564226491,127.78490918793054,True,False,False,0.0,0.0,0.0,1.9025875190258752,0.0,0.0,0.0,1.9025875190258752,8.4942072022971,137.21509081206946,True,False,False,0.0,0.0,0.0,1.9025875190258752,0.0,0.0,0.0,1.9025875190258752
2024-01-01 09:00:00+00:00,23.837718974015324,True,False,0.0,0.0,19.864765811679437,19.864765811679437,300.0,0.0,0.0,True,0.0,0.0,0.0,6.38938350886791,0.0,55.632734843510356,True,False,False,False,0.0,0.016666666666666666,0.0,0.0,0.0,0.0,0.0,0.0,0.0,0.0,0.016666666666666666,0.0,0.0,0.0,0.0,0.0,0.0,False,False,0.0,0.0,0.0,0.0,0.0,0.0,-0.0,0.0,0.0,0.0,0.0,0.0,0.0,0.0,False,False,False,0.0,0.0,0.0,0.0,0.0,0.0,0.0,0.0,10.602685900920918,174.770788995828,True,False,False,0.0,0.0,0.0,1.9025875190258752,0.0,0.0,0.0,1.9025875190258752,6.8456495642264965,125.22921100417199,True,False,False,0.0,0.0,0.0,1.9025875190258752,0.0,0.0,0.0,1.9025875190258752
2024-01-01 09:10:00+00:00,23.83771897401532,True,False,0.0,0.0,19.864765811679433,19.864765811679433,300.0,0.0,0.0,True,0.0,0.0,0.0,6.38938350886791,0.0,56.69763209498834,True,False,False,False,0.0,0.016666666666666666,0.0,0.0,0.0,0.0,0.0,0.0,0.0,0.0,0.016666666666666666,0.0,0.0,0.0,0.0,0.0,0.0,False,False,0.0,0.0,0.0,0.0,0.0,0.0,-0.0,0.0,0.0,0.0,0.0,0.0,0.0,0.0,False,False,False,0.0,0.0,0.0,0.0,0.0,0.0,0.0,0.0,10.602685900920937,174.77078899582835,True,False,False,0.0,0.0,0.0,1.9025875190258752,0.0,0.0,0.0,1.9025875190258752,6.845649564226474,125.22921100417163,True,False,False,0.0,0.0,0.0,1.9025875190258752,0.0,0.0,0.0,1.9025875190258752
2024-01-01 09:20:00+00:00,23.837718974015328,True,False,0.0,0.0,19.864765811679437,19.864765811679437,300.0,0.0,0.0,True,0.0,0.0,0.0,6.38938350886791,0.0,57.76252934646633,True,False,False,False,0.0,0.016666666666666666,0.0,0.0,0.0,0.0,0.0,0.0,0.0,0.0,0.016666666666666666,0.0,0.0,0.0,0.0,0.0,0.0,False,False,0.0,0.0,0.0,0.0,0.0,0.0,-0.0,0.0,0.0,0.0,0.0,0.0,0.0,0.0,False,False,False,0.0,0.0,0.0,0.0,0.0,0.0,0.0,0.0,10.602685900920928,174.77078899582818,True,False,False,0.0,0.0,0.0,1.9025875190258752,0.0,0.0,0.0,1.9025875190258752,6.845649564226487,125.22921100417182,True,False,False,0.0,0.0,0.0,1.9025875190258752,0.0,0.0,0.0,1.9025875190258752
2024-01-01 09:30:00+00:00,23.837718974015317,True,False,0.0,0.0,19.86476581167943,19.86476581167943,300.0,0.0,0.0,True,0.0,0.0,0.0,6.38938350886791,0.0,58.82742659794432,True,False,False,False,0.0,0.016666666666666666,0.0,0.0,0.0,0.0,0.0,0.0,0.0,0.0,0.016666666666666666,0.0,0.0,0.0,0.0,0.0,0.0,False,False,0.0,0.0,0.0,0.0,0.0,0.0,-0.0,0.0,0.0,0.0,0.0,0.0,0.0,0.0,False,False,False,0.0,0.0,0.0,0.0,0.0,0.0,0.0,0.0,10.602685900920939,174.7707889958284,True,False,False,0.0,0.0,0.0,1.9025875190258752,0.0,0.0,0.0,1.9025875190258752,6.845649564226471,125.22921100417155,True,False,False,0.0,0.0,0.0,1.9025875190258752,0.0,0.0,0.0,1.9025875190258752
2024-01-01 09:40:00+00:00,23.837718974015317,True,False,0.0,0.0,19.86476581167943,19.86476581167943,300.0,0.0,0.0,True,0.0,0.0,0.0,6.38938350886791,0.0,59.892323849422304,True,False,False,False,0.0,0.016666666666666666,0.0,0.0,0.0,0.0,0.0,0.0,0.0,0.0,0.016666666666666666,0.0,0.0,0.0,0.0,0.0,0.0,False,False,0.0,0.0,0.0,0.0,0.0,0.0,-0.0,0.0,0.0,0.0,0.0,0.0,0.0,0.0,False,False,False,0.0,0.0,0.0,0.0,0.0,0.0,0.0,0.0,10.602685900920918,174.77078899582807,True,False,False,0.0,0.0,0.0,1.9025875190258752,0.0,0.0,0.0,1.9025875190258752,6.845649564226493,125.22921100417193,True,False,False,0.0,0.0,0.0,1.9025875190258752,0.0,0.0,0.0,1.9025875190258752
2024-01-01 09:50:00+00:00,23.837718974015324,True,False,0.0,0.0,19.864765811679437,19.864765811679437,300.0,0.0,0.0,True,0.0,0.0,0.0,6.38938350886791,0.0,60.95722110090029,True,False,False,False,0.0,0.016666666666666666,0.0,0.0,0.0,0.0,0.0,0.0,0.0,0.0,0.016666666666666666,0.0,0.0,0.0,0.0,0.0,0.0,False,False,0.0,0.0,0.0,0.0,0.0,0.0,-0.0,0.0,0.0,0.0,0.0,0.0,0.0,0.0,False,False,False,0.0,0.0,0.0,0.0,0.0,0.0,0.0,0.0,10.60268590092092,174.77078899582807,True,False,False,0.0,0.0,0.0,1.9025875190258752,0.0,0.0,0.0,1.9025875190258752,6.845649564226493,125.22921100417193,True,False,False,0.0,0.0,0.0,1.9025875190258752,0.0,0.0,0.0,1.9025875190258752
2024-01-01 10:00:00+00:00,23.895891554933133,True,False,0.0,0.0,19.913242962444276,19.913242962444276,300.0,0.0,0.0,True,0.0,0.0,0.0,6.38938350886791,0.0,62.02211835237828,True,False,False,False,0.0,0.016666666666666666,0.0,0.0,0.0,0.0,0.0,0.0,0.0,0.0,0.016666666666666666,0.0,0.0,0.0,0.0,0.0,0.0,False,False,0.0,0.0,0.0,0.0,0.0,0.0,-0.0,0.0,0.0,0.0,0.0,0.0,0.0,0.0,False,False,False,0.0,0.0,0.0,0.0,0.0,0.0,0.0,0.0,6.845649564226493,127.78490918793057,True,False,False,0.0,0.0,0.0,1.9025875190258752,0.0,0.0,0.0,1.9025875190258752,10.66085848183873,172.21509081206943,True,False,False,0.0,0.0,0.0,1.9025875190258752,0.0,0.0,0.0,1.9025875190258752
2024-01-01 10:10:00+00:00,23.83771897401532,True,False,0.0,0.0,19.864765811679433,19.864765811679433,300.0,0.0,0.0,True,0.0,0.0,0.0,6.38938350886791,0.0,63.087015603856265,True,False,False,False,0.0,0.016666666666666666,0.0,0.0,0.0,0.0,0.0,0.0,0.0,0.0,0.016666666666666666,0.0,0.0,0.0,0.0,0.0,0.0,False,False,0.0,0.0,0.0,0.0,0.0,0.0,-0.0,0.0,0.0,0.0,0.0,0.0,0.0,0.0,False,False,False,0.0,0.0,0.0,0.0,0.0,0.0,0.0,0.0,10.60268590092092,174.77078899582807,True,False,False,0.0,0.0,0.0,1.9025875190258752,0.0,0.0,0.0,1.9025875190258752,6.845649564226492,125.22921100417194,True,False,False,0.0,0.0,0.0,1.9025875190258752,0.0,0.0,0.0,1.9025875190258752
2024-01-01 10:20:00+00:00,23.837718974015324,True,False,0.0,0.0,19.864765811679437,19.864765811679437,300.0,0.0,0.0,True,0.0,0.0,0.0,6.38938350886791,0.0,64.15191285533425,True,False,False,False,0.0,0.016666666666666666,0.0,0.0,0.0,0.0,0.0,0.0,0.0,0.0,0.016666666666666666,0.0,0.0,0.0,0.0,0.0,0.0,False,False,0.0,0.0,0.0,0.0,0.0,0.0,-0.0,0.0,0.0,0.0,0.0,0.0,0.0,0.0,False,False,False,0.0,0.0,0.0,0.0,0.0,0.0,0.0,0.0,10.60268590092092,174.77078899582807,True,False,False,0.0,0.0,0.0,1.9025875190258752,0.0,0.0,0.0,1.9025875190258752,6.845649564226493,125.22921100417194,True,False,False,0.0,0.0,0.0,1.9025875190258752,0.0,0.0,0.0,1.9025875190258752
2024-01-01 10:30:00+00:00,23.837718974015317,True,False,0.0,0.0,19.86476581167943,19.86476581167943,300.0,0.0,0.0,True,0.0,0.0,0.0,6.38938350886791,0.0,65.21681010681223,True,False,False,False,0.0,0.016666666666666666,0.0,0.0,0.0,0.0,0.0,0.0,0.0,0.0,0.016666666666666666,0.0,0.0,0.0,0.0,0.0,0.0,False,False,0.0,0.0,0.0,0.0,0.0,0.0,-0.0,0.0,0.0,0.0,0.0,0.0,0.0,0.0,False,False,False,0.0,0.0,0.0,0.0,0.0,0.0,0.0,0.0,10.602685900920916,174.77078899582807,True,False,False,0.0,0.0,0.0,1.9025875190258752,0.0,0.0,0.0,1.9025875190258752,6.845649564226493,125.22921100417193,True,False,False,0.0,0.0,0.0,1.9025875190258752,0.0,0.0,0.0,1.9025875190258752
2024-01-01 10:40:00+00:00,23.837718974015324,True,False,0.0,0.0,19.864765811679437,19.864765811679437,300.0,0.0,0.0,True,0.0,0.0,0.0,6.38938350886791,0.0,66.28170735829022,True,False,False,False,0.0,0.016666666666666666,0.0,0.0,0.0,0.0,0.0,0.0,0.0,0.0,0.016666666666666666,0.0,0.0,0.0,0.0,0.0,0.0,False,False,0.0,0.0,0.0,0.0,0.0,0.0,-0.0,0.0,0.0,0.0,0.0,0.0,0.0,0.0,False,False,False,0.0,0.0,0.0,0.0,0.0,0.0,0.0,0.0,10.60268590092092,174.77078899582807,True,False,False,0.0,0.0,0.0,1.9025875190258752,0.0,0.0,0.0,1.9025875190258752,6.845649564226493,125.22921100417193,True,False,False,0.0,0.0,0.0,1.9025875190258752,0.0,0.0,0.0,1.9025875190258752
2024-01-01 10:50:00+00:00,23.83771897401532,True,False,0.0,0.0,19.864765811679433,19.864765811679433,300.0,0.0,0.0,True,0.0,0.0,0.0,6.38938350886791,0.0,67.3466046097682,True,False,False,False,0.0,0.016666666666666666,0.0,0.0,0.0,0.0,0.0,0.0,0.0,0.0,0.016666666666666666,0.0,0.0,0.0,0.0,0.0,0.0,False,False,0.0,0.0,0.0,0.0,0.0,0.0,-0.0,0.0,0.0,0.0,0.0,0.0,0.0,0.0,False,False,False,0.0,0.0,0.0,0.0,0.0,0.0,0.0,0.0,10.602685900920914,174.770788995828,True,False,False,0.0,0.0,0.0,1.9025875190258752,0.0,0.0,0.0,1.9025875190258752,6.845649564226495,125.22921100417199,True,False,False,0.0,0.0,0.0,1.9025875190258752,0.0,0.0,0.0,1.9025875190258752
2024-01-01 11:00:00+00:00,23.837718974015317,True,False,0.0,0.0,19.86476581167943,19.86476581167943,300.0,0.0,0.0,True,0.0,0.0,0.0,6.38938350886791,0.0,68.4115018612462,True,False,False,False,0.0,0.016666666666666666,0.0,0.0,0.0,0.0,0.0,0.0,0.0,0.0,0.016666666666666666,0.0,0.0,0.0,0.0,0.0,0.0,False,False,0.0,0.0,0.0,0.0,0.0,0.0,-0.0,0.0,0.0,0.0,0.0,0.0,0.0,0.0,False,False,False,0.0,0.0,0.0,0.0,0.0,0.0,0.0,0.0,10.60268590092092,174.77078899582813,True,False,False,0.0,0.0,0.0,1.9025875190258752,0.0,0.0,0.0,1.9025875190258752,6.8456495642264885,125.22921100417186,True,False,False,0.0,0.0,0.0,1.9025875190258752,0.0,0.0,0.0,1.9025875190258752
2024-01-01 11:10:00+00:00,23.837718974015317,True,False,0.0,0.0,19.86476581167943,19.86476581167943,300.0,0.0,0.0,True,0.0,0.0,0.0,6.38938350886791,0.0,69.47639911272418,True,False,False,False,0.0,0.016666666666666666,0.0,0.0,0.0,0.0,0.0,0.0,0.0,0.0,0.016666666666666666,0.0,0.0,0.0,0.0,0.0,0.0,False,False,0.0,0.0,0.0,0.0,0.0,0.0,-0.0,0.0,0.0,0.0,0.0,0.0,0.0,0.0,False,False,False,0.0,0.0,0.0,0.0,0.0,0.0,0.0,0.0,10.602685900920918,174.77078899582807,True,False,False,0.0,0.0,0.0,1.9025875190258752,0.0,0.0,0.0,1.9025875190258752,6.845649564226492,125.22921100417193,True,False,False,0.0,0.0,0.0,1.9025875190258752,0.0,0.0,0.0,1.9025875190258752
2024-01-01 11:20:00+00:00,23.83771897401532,True,False,0.0,0.0,19.864765811679433,19.864765811679433,300.0,0.0,0.0,True,0.0,0.0,0.0,6.38938350886791,0.0,70.54129636420217,True,False,False,False,0.0,0.016666666666666666,0.0,0.0,0.0,0.0,0.0,0.0,0.0,0.0,0.016666666666666666,0.0,0.0,0.0,0.0,0.0,0.0,False,False,0.0,0.0,0.0,0.0,0.0,0.0,-0.0,0.0,0.0,0.0,0.0,0.0,0.0,0.0,False,False,False,0.0,0.0,0.0,0.0,0.0,0.0,0.0,0.0,10.602685900920925,174.77078899582818,True,False,False,0.0,0.0,0.0,1.9025875190258752,0.0,0.0,0.0,1.9025875190258752,6.845649564226488,125.22921100417182,True,False,False,0.0,0.0,0.0,1.9025875190258752,0.0,0.0,0.0,1.9025875190258752
2024-01-01 11:30:00+00:00,23.83771897401532,True,False,0.0,0.0,19.864765811679433,19.864765811679433,300.0,0.0,0.0,True,0.0,0.0,0.0,6.38938350886791,0.0,71.60619361568016,True,False,False,False,0.0,0.016666666666666666,0.0,0.0,0.0,0.0,0.0,0.0,0.0,0.0,0.016666666666666666,0.0,0.0,0.0,0.0,0.0,0.0,False,False,0.0,0.0,0.0,0.0,0.0,0.0,-0.0,0.0,0.0,0.0,0.0,0.0,0.0,0.0,False,False,False,0.0,0.0,0.0,0.0,0.0,0.0,0.0,0.0,10.602685900920918,174.77078899582804,True,False,False,0.0,0.0,0.0,1.9025875190258752,0.0,0.0,0.0,1.9025875190258752,6.845649564226494,125.22921100417196,True,False,False,0.0,0.0,0.0,1.9025875190258752,0.0,0.0,0.0,1.9025875190258752
2024-01-01 11:40:00+00:00,23.837718974015324,True,False,0.0,0.0,19.864765811679437,19.864765811679437,300.0,0.0,0.0,True,0.0,0.0,0.0,6.38938350886791,0.0,72.67109086715814,True,False,False,False,0.0,0.016666666666666666,0.0,0.0,0.0,0.0,0.0,0.0,0.0,0.0,0.016666666666666666,0.0,0.0,0.0,0.0,0.0,0.0,False,False,0.0,0.0,0.0,0.0,0.0,0.0,-0.0,0.0,0.0,0.0,0.0,0.0,0.0,0.0,False,False,False,0.0,0.0,0.0,0.0,0.0,0.0,0.0,0.0,10.60268590092092,174.77078899582807,True,False,False,0.0,0.0,0.0,1.9025875190258752,0.0,0.0,0.0,1.9025875190258752,6.845649564226493,125.22921100417193,True,False,False,0.0,0.0,0.0,1.9025875190258752,0.0,0.0,0.0,1.9025875190258752
2024-01-01 11:50:00+00:00,23.837718974015324,True,False,0.0,0.0,19.864765811679437,19.864765811679437,300.0,0.0,0.0,True,0.0,0.0,0.0,6.38938350886791,0.0,73.73598811863613,True,False,False,False,0.0,0.016666666666666666,0.0,0.0,0.0,0.0,0.0,0.0,0.0,0.0,0.016666666666666666,0.0,0.0,0.0,0.0,0.0,0.0,False,False,0.0,0.0,0.0,0.0,0.0,0.0,-0.0,0.0,0.0,0.0,0.0,0.0,0.0,0.0,False,False,False,0.0,0.0,0.0,0.0,0.0,0.0,0.0,0.0,10.602685900920914,174.770788995828,True,False,False,0.0,0.0,0.0,1.9025875190258752,0.0,0.0,0.0,1.9025875190258752,6.8456495642264965,125.22921100417199,True,False,False,0.0,0.0,0.0,1.9025875190258752,0.0,0.0,0.0,1.9025875190258752
2024-01-01 12:00:00+00:00,23.895891554933133,True,False,0.0,0.0,19.913242962444276,19.913242962444276,300.0,0.0,0.0,True,0.0,0.0,0.0,6.38938350886791,0.0,74.80088537011412,True,False,False,False,0.0,0.016666666666666666,0.0,0.0,0.0,0.0,0.0,0.0,0.0,0.0,0.016666666666666666,0.0,0.0,0.0,0.0,0.0,0.0,False,False,0.0,0.0,0.0,0.0,0.0,0.0,-0.0,0.0,0.0,0.0,0.0,0.0,0.0,0.0,False,False,False,0.0,0.0,0.0,0.0,0.0,0.0,0.0,0.0,6.845649564226483,127.7849091879304,True,False,False,0.0,0.0,0.0,1.9025875190258752,0.0,0.0,0.0,1.9025875190258752,10.66085848183874,172.2150908120696,True,False,False,0.0,0.0,0.0,1.9025875190258752,0.0,0.0,0.0,1.9025875190258752
2024-01-01 12:10:00+00:00,23.837718974015324,True,False,0.0,0.0,19.864765811679437,19.864765811679437,300.0,0.0,0.0,True,0.0,0.0,0.0,6.38938350886791,0.0,75.8657826215921,True,False,False,False,0.0,0.016666666666666666,0.0,0.0,0.0,0.0,0.0,0.0,0.0,0.0,0.016666666666666666,0.0,0.0,0.0,0.0,0.0,0.0,False,False,0.0,0.0,0.0,0.0,0.0,0.0,-0.0,0.0,0.0,0.0,0.0,0.0,0.0,0.0,False,False,False,0.0,0.0,0.0,0.0,0.0,0.0,0.0,0.0,10.60268590092092,174.77078899582807,True,False,False,0.0,0.0,0.0,1.9025875190258752,0.0,0.0,0.0,1.9025875190258752,6.845649564226493,125.22921100417194,True,False,False,0.0,0.0,0.0,1.9025875190258752,0.0,0.0,0.0,1.9025875190258752
2024-01-01 12:20:00+00:00,23.83771897401532,True,False,0.0,0.0,19.864765811679433,19.864765811679433,300.0,0.0,0.0,True,0.0,0.0,0.0,6.38938350886791,0.0,76.93067987307009,True,False,False,False,0.0,0.016666666666666666,0.0,0.0,0.0,0.0,0.0,0.0,0.0,0.0,0.016666666666666666,0.0,0.0,0.0,0.0,0.0,0.0,False,False,0.0,0.0,0.0,0.0,0.0,0.0,-0.0,0.0,0.0,0.0,0.0,0.0,0.0,0.0,False,False,False,0.0,0.0,0.0,0.0,0.0,0.0,0.0,0.0,10.602685900920914,174.770788995828,True,False,False,0.0,0.0,0.0,1.9025875190258752,0.0,0.0,0.0,1.9025875190258752,6.845649564226496,125.22921100417199,True,False,False,0.0,0.0,0.0,1.9025875190258752,0.0,0.0,0.0,1.9025875190258752
2024-01-01 12:30:00+00:00,23.83771897401532,True,False,0.0,0.0,19.864765811679433,19.864765811679433,300.0,0.0,0.0,True,0.0,0.0,0.0,6.38938350886791,0.0,77.99557712454808,True,False,False,False,0.0,0.016666666666666666,0.0,0.0,0.0,0.0,0.0,0.0,0.0,0.0,0.016666666666666666,0.0,0.0,0.0,0.0,0.0,0.0,False,False,0.0,0.0,0.0,0.0,0.0,0.0,-0.0,0.0,0.0,0.0,0.0,0.0,0.0,0.0,False,False,False,0.0,0.0,0.0,0.0,0.0,0.0,0.0,0.0,10.60268590092092,174.77078899582807,True,False,False,0.0,0.0,0.0,1.9025875190258752,0.0,0.0,0.0,1.9025875190258752,6.845649564226492,125.22921100417192,True,False,False,0.0,0.0,0.0,1.9025875190258752,0.0,0.0,0.0,1.9025875190258752
2024-01-01 12:40:00+00:00,23.837718974015324,True,False,0.0,0.0,19.864765811679437,19.864765811679437,300.0,0.0,0.0,True,0.0,0.0,0.0,6.38938350886791,0.0,79.06047437602606,True,False,False,False,0.0,0.016666666666666666,0.0,0.0,0.0,0.0,0.0,0.0,0.0,0.0,0.016666666666666666,0.0,0.0,0.0,0.0,0.0,0.0,False,False,0.0,0.0,0.0,0.0,0.0,0.0,-0.0,0.0,0.0,0.0,0.0,0.0,0.0,0.0,False,False,False,0.0,0.0,0.0,0.0,0.0,0.0,0.0,0.0,10.602685900920921,174.77078899582807,True,False,False,0.0,0.0,0.0,1.9025875190258752,0.0,0.0,0.0,1.9025875190258752,6.845649564226492,125.22921100417193,True,False,False,0.0,0.0,0.0,1.9025875190258752,0.0,0.0,0.0,1.9025875190258752
2024-01-01 12:50:00+00:00,23.83771897401532,True,False,0.0,0.0,19.864765811679433,19.864765811679433,300.0,0.0,0.0,True,0.0,0.0,0.0,6.38938350886791,0.0,80.12537162750405,True,False,False,False,0.0,0.016666666666666666,0.0,0.0,0.0,0.0,0.0,0.0,0.0,0.0,0.016666666666666666,0.0,0.0,0.0,0.0,0.0,0.0,False,False,0.0,0.0,0.0,0.0,0.0,0.0,-0.0,0.0,0.0,0.0,0.0,0.0,0.0,0.0,False,False,False,0.0,0.0,0.0,0.0,0.0,0.0,0.0,0.0,10.602685900920918,174.77078899582807,True,False,False,0.0,0.0,0.0,1.9025875190258752,0.0,0.0,0.0,1.9025875190258752,6.845649564226493,125.22921100417194,True,False,False,0.0,0.0,0.0,1.9025875190258752,0.0,0.0,0.0,1.9025875190258752
2024-01-01 13:00:00+00:00,23.837718974015324,True,False,0.0,0.0,19.864765811679437,19.864765811679437,300.0,0.0,0.0,True,0.0,0.0,0.0,6.38938350886791,0.0,81.19026887898204,True,False,False,False,0.0,0.016666666666666666,0.0,0.0,0.0,0.0,0.0,0.0,0.0,0.0,0.016666666666666666,0.0,0.0,0.0,0.0,0.0,0.0,False,False,0.0,0.0,0.0,0.0,0.0,0.0,-0.0,0.0,0.0,0.0,0.0,0.0,0.0,0.0,False,False,False,0.0,0.0,0.0,0.0,0.0,0.0,0.0,0.0,10.602685900920935,174.77078899582835,True,False,False,0.0,0.0,0.0,1.9025875190258752,0.0,0.0,0.0,1.9025875190258752,6.845649564226477,125.22921100417166,True,False,False,0.0,0.0,0.0,1.9025875190258752,0.0,0.0,0.0,1.9025875190258752
2024-01-01 13:10:00+00:00,21.729240275391348,True,False,0.0,0.0,18.10770022949279,18.10770022949279,265.0,0.0,0.0,True,0.0,0.0,0.0,6.38938350886791,0.0,82.25516613046004,True,False,False,False,0.0,0.016666666666666666,0.0,0.0,0.0,0.0,0.0,0.0,0.0,0.0,0.016666666666666666,0.0,0.0,0.0,0.0,0.0,0.0,False,False,0.0,0.0,0.0,0.0,0.0,0.0,-0.0,0.0,0.0,0.0,0.0,0.0,0.0,0.0,False,False,False,0.0,0.0,0.0,0.0,0.0,0.0,0.0,0.0,6.845649564226113,127.78490918792627,True,False,False,0.0,0.0,0.0,1.9025875190258752,0.0,0.0,0.0,1.9025875190258752,8.494207202297323,137.21509081207373,True,False,False,0.0,0.0,0.0,1.9025875190258752,0.0,0.0,0.0,1.9025875190258752
2024-01-01 13:20:00+00:00,18.822616722820527,True,False,0.0,0.0,15.68551393568377,15.68551393568377,230.0,0.0,0.0,True,0.0,0.0,0.0,6.38938350886791,0.0,83.32006338193801,True,False,False,False,0.0,0.016666666666666666,0.0,0.0,0.0,0.0,0.0,0.0,0.0,0.0,0.016666666666666666,0.0,0.0,0.0,0.0,0.0,0.0,False,False,0.0,0.0,0.0,0.0,0.0,0.0,-0.0,0.0,0.0,0.0,0.0,0.0,0.0,0.0,False,False,False,0.0,0.0,0.0,0.0,0.0,0.0,0.0,0.0,6.8456495642264965,127.78490918793064,True,False,False,0.0,0.0,0.0,1.9025875190258752,0.0,0.0,0.0,1.9025875190258752,5.587583649726122,102.21509081206936,True,False,False,0.0,0.0,0.0,1.9025875190258752,0.0,0.0,0.0,1.9025875190258752
2024-01-01 13:30:00+00:00,16.38277881154344,True,False,0.0,0.0,13.652315676286198,13.652315676286198,195.0,0.0,0.0,True,0.0,0.0,0.0,6.38938350886791,0.0,84.384960633416,True,False,False,False,0.0,0.016666666666666666,0.0,0.0,0.0,0.0,0.0,0.0,0.0,0.0,0.016666666666666666,0.0,0.0,0.0,0.0,0.0,0.0,False,False,0.0,0.0,0.0,0.0,0.0,0.0,-0.0,0.0,0.0,0.0,0.0,0.0,0.0,0.0,False,False,False,0.0,0.0,0.0,0.0,0.0,0.0,0.0,0.0,6.388993944160942,119.26070759204765,True,False,False,0.0,0.0,0.0,1.9025875190258752,0.0,0.0,0.0,1.9025875190258752,3.604401358514588,75.73929240795235,True,False,False,0.0,0.0,0.0,1.9025875190258752,0.0,0.0,0.0,1.9025875190258752
2024-01-01 13:40:00+00:00,16.294075072486983,True,False,0.0,0.0,13.57839589373915,13.57839589373915,160.0,0.0,0.0,True,0.0,0.0,0.0,6.38938350886791,0.0,85.44985788489399,True,False,False,False,0.0,0.016666666666666666,0.0,0.0,0.0,0.0,0.0,0.0,0.0,0.0,0.016666666666666666,0.0,0.0,0.0,0.0,0.0,0.0,False,False,0.0,0.0,0.0,0.0,0.0,0.0,-0.0,0.0,0.0,0.0,0.0,0.0,0.0,0.0,False,False,False,0.0,0.0,0.0,0.0,0.0,0.0,0.0,0.0,0.0,0.0,False,False,False,0.0,0.0,0.0,0.0,0.0,0.0,0.0,0.0,9.904691563619075,159.99999999999997,True,False,False,0.0,0.0,0.0,1.9025875190258752,0.0,0.0,0.0,1.9025875190258752
2024-01-01 13:50:00+00:00,13.222503263170317,True,False,0.0,0.0,11.018752719308596,11.018752719308596,125.0,0.0,0.0,True,0.0,0.0,0.0,6.38938350886791,0.0,86.51475513637197,True,False,False,False,0.0,0.016666666666666666,0.0,0.0,0.0,0.0,0.0,0.0,0.0,0.0,0.016666666666666666,0.0,0.0,0.0,0.0,0.0,0.0,False,False,0.0,0.0,0.0,0.0,0.0,0.0,-0.0,0.0,0.0,0.0,0.0,0.0,0.0,0.0,False,False,False,0.0,0.0,0.0,0.0,0.0,0.0,0.0,0.0,0.0,0.0,False,False,False,0.0,0.0,0.0,0.0,0.0,0.0,0.0,0.0,6.833119754302407,125.0,True,False,False,0.0,0.0,0.0,1.9025875190258752,0.0,0.0,0.0,1.9025875190258752
2024-01-01 14:00:00+00:00,11.309229731965644,True,False,0.0,0.0,9.424358109971369,9.424358109971369,90.0,0.0,0.0,True,0.0,0.0,0.0,6.38938350886791,0.0,87.57965238784996,True,False,False,False,0.0,0.016666666666666666,0.0,0.0,0.0,0.0,0.0,0.0,0.0,0.0,0.016666666666666666,0.0,0.0,0.0,0.0,0.0,0.0,False,False,0.0,0.0,0.0,0.0,0.0,0.0,-0.0,0.0,0.0,0.0,0.0,0.0,0.0,0.0,False,False,False,0.0,0.0,0.0,0.0,0.0,0.0,0.0,0.0,0.0,0.0,False,False,False,0.0,0.0,0.0,0.0,0.0,0.0,0.0,0.0,4.919846223097733,90.0,True,False,False,0.0,0.0,0.0,1.9025875190258752,0.0,0.0,0.0,1.9025875190258752
2024-01-01 14:10:00+00:00,11.309229731965644,True,False,0.0,0.0,9.424358109971369,9.424358109971369,90.0,0.0,0.0,True,0.0,0.0,0.0,6.38938350886791,0.0,88.64454963932795,True,False,False,False,0.0,0.016666666666666666,0.0,0.0,0.0,0.0,0.0,0.0,0.0,0.0,0.016666666666666666,0.0,0.0,0.0,0.0,0.0,0.0,False,False,0.0,0.0,0.0,0.0,0.0,0.0,-0.0,0.0,0.0,0.0,0.0,0.0,0.0,0.0,False,False,False,0.0,0.0,0.0,0.0,0.0,0.0,0.0,0.0,0.0,0.0,False,False,False,0.0,0.0,0.0,0.0,0.0,0.0,0.0,0.0,4.919846223097733,90.0,True,False,False,0.0,0.0,0.0,1.9025875190258752,0.0,0.0,0.0,1.9025875190258752
2024-01-01 14:20:00+00:00,11.309229731965644,True,False,0.0,0.0,9.424358109971369,9.424358109971369,90.0,0.0,0.0,True,0.0,0.0,0.0,6.38938350886791,0.0,89.70944689080594,True,False,False,False,0.0,0.016666666666666666,0.0,0.0,0.0,0.0,0.0,0.0,0.0,0.0,0.016666666666666666,0.0,0.0,0.0,0.0,0.0,0.0,False,False,0.0,0.0,0.0,0.0,0.0,0.0,-0.0,0.0,0.0,0.0,0.0,0.0,0.0,0.0,False,False,False,0.0,0.0,0.0,0.0,0.0,0.0,0.0,0.0,0.0,0.0,False,False,False,0.0,0.0,0.0,0.0,0.0,0.0,0.0,0.0,4.919846223097733,90.0,True,False,False,0.0,0.0,0.0,1.9025875190258752,0.0,0.0,0.0,1.9025875190258752
2024-01-01 14:30:00+00:00,11.309229731965644,True,False,0.0,0.0,9.424358109971369,9.424358109971369,90.0,0.0,0.0,True,0.0,0.0,0.0,6.38938350886791,0.0,90.77434414228391,True,False,False,False,0.0,0.016666666666666666,0.0,0.0,0.0,0.0,0.0,0.0,0.0,0.0,0.016666666666666666,0.0,0.0,0.0,0.0,0.0,0.0,False,False,0.0,0.0,0.0,0.0,0.0,0.0,-0.0,0.0,0.0,0.0,0.0,0.0,0.0,0.0,False,False,False,0.0,0.0,0.0,0.0,0.0,0.0,0.0,0.0,0.0,0.0,False,False,False,0.0,0.0,0.0,0.0,0.0,0.0,0.0,0.0,4.919846223097733,90.0,True,False,False,0.0,0.0,0.0,1.9025875190258752,0.0,0.0,0.0,1.9025875190258752
2024-01-01 14:40:00+00:00,11.309229731965644,True,False,0.0,0.0,9.424358109971369,9.424358109971369,90.0,0.0,0.0,True,0.0,0.0,0.0,6.38938350886791,0.0,91.8392413937619,True,False,False,False,0.0,0.016666666666666666,0.0,0.0,0.0,0.0,0.0,0.0,0.0,0.0,0.016666666666666666,0.0,0.0,0.0,0.0,0.0,0.0,False,False,0.0,0.0,0.0,0.0,0.0,0.0,-0.0,0.0,0.0,0.0,0.0,0.0,0.0,0.0,False,False,False,0.0,0.0,0.0,0.0,0.0,0.0,0.0,0.0,0.0,0.0,False,False,False,0.0,0.0,0.0,0.0,0.0,0.0,0.0,0.0,4.919846223097733,90.0,True,False,False,0.0,0.0,0.0,1.9025875190258752,0.0,0.0,0.0,1.9025875190258752
2024-01-01 14:50:00+00:00,11.309229731965644,True,False,0.0,0.0,9.424358109971369,9.424358109971369,90.0,0.0,0.0,True,0.0,0.0,0.0,6.38938350886791,0.0,92.90413864523988,True,False,False,False,0.0,0.016666666666666666,0.0,0.0,0.0,0.0,0.0,0.0,0.0,0.0,0.016666666666666666,0.0,0.0,0.0,0.0,0.0,0.0,False,False,0.0,0.0,0.0,0.0,0.0,0.0,-0.0,0.0,0.0,0.0,0.0,0.0,0.0,0.0,False,False,False,0.0,0.0,0.0,0.0,0.0,0.0,0.0,0.0,0.0,0.0,False,False,False,0.0,0.0,0.0,0.0,0.0,0.0,0.0,0.0,4.919846223097733,90.0,True,False,False,0.0,0.0,0.0,1.9025875190258752,0.0,0.0,0.0,1.9025875190258752
2024-01-01 15:00:00+00:00,11.309229731965644,True,False,0.0,0.0,9.424358109971369,9.424358109971369,90.0,0.0,0.0,True,0.0,0.0,0.0,6.38938350886791,0.0,93.96903589671787,True,False,False,False,0.0,0.016666666666666666,0.0,0.0,0.0,0.0,0.0,0.0,0.0,0.0,0.016666666666666666,0.0,0.0,0.0,0.0,0.0,0.0,False,False,0.0,0.0,0.0,0.0,0.0,0.0,-0.0,0.0,0.0,0.0,0.0,0.0,0.0,0.0,False,False,False,0.0,0.0,0.0,0.0,0.0,0.0,0.0,0.0,0.0,0.0,False,False,False,0.0,0.0,0.0,0.0,0.0,0.0,0.0,0.0,4.919846223097733,90.0,True,False,False,0.0,0.0,0.0,1.9025875190258752,0.0,0.0,0.0,1.9025875190258752
2024-01-01 15:10:00+00:00,10.853688415194366,True,False,0.0,0.0,9.044740345995304,9.044740345995304,81.66666667,0.0,0.0,True,0.0,0.0,0.0,6.38938350886791,0.0,95.03393314819586,True,False,False,False,0.0,0.016666666666666666,0.0,0.0,0.0,0.0,0.0,0.0,0.0,0.0,0.016666666666666666,0.0,0.0,0.0,0.0,0.0,0.0,False,False,0.0,0.0,0.0,0.0,0.0,0.0,-0.0,0.0,0.0,0.0,0.0,0.0,0.0,0.0,False,False,False,0.0,0.0,0.0,0.0,0.0,0.0,0.0,0.0,0.0,0.0,False,False,False,0.0,0.0,0.0,0.0,0.0,0.0,0.0,0.0,4.464304906326456,81.66666667,True,False,False,0.0,0.0,0.0,1.9025875190258752,0.0,0.0,0.0,1.9025875190258752
2024-01-01 15:20:00+00:00,9.879286277636083,True,False,0.0,0.0,8.232738564696735,8.232738564696735,73.33333333,0.0,0.0,True,0.0,0.0,0.0,6.38938350886791,0.0,96.09883039967384,True,False,False,False,0.0,0.016666666666666666,0.0,0.0,0.0,0.0,0.0,0.0,0.0,0.0,0.016666666666666666,0.0,0.0,0.0,0.0,0.0,0.0,False,False,0.0,0.0,0.0,0.0,0.0,0.0,-0.0,0.0,0.0,0.0,0.0,0.0,0.0,0.0,False,False,False,0.0,0.0,0.0,0.0,0.0,0.0,0.0,0.0,0.0,0.0,False,False,False,0.0,0.0,0.0,0.0,0.0,0.0,0.0,0.0,3.489902768768173,73.33333333,True,False,False,0.0,0.0,0.0,1.9025875190258752,0.0,0.0,0.0,1.9025875190258752
2024-01-01 15:30:00+00:00,9.482706417689396,True,False,0.0,0.0,7.902255348074497,7.902255348074497,65.0,0.0,0.0,True,0.0,0.0,0.0,6.38938350886791,0.0,97.16372765115183,True,False,False,False,0.0,0.016666666666666666,0.0,0.0,0.0,0.0,0.0,0.0,0.0,0.0,0.016666666666666666,0.0,0.0,0.0,0.0,0.0,0.0,False,False,0.0,0.0,0.0,0.0,0.0,0.0,-0.0,0.0,0.0,0.0,0.0,0.0,0.0,0.0,False,False,False,0.0,0.0,0.0,0.0,0.0,0.0,0.0,0.0,0.0,0.0,False,False,False,0.0,0.0,0.0,0.0,0.0,0.0,0.0,0.0,3.093322908821486,65.0,True,False,False,0.0,0.0,0.0,1.9025875190258752,0.0,0.0,0.0,1.9025875190258752
2024-01-01 15:40:00+00:00,9.086126557742709,True,False,0.0,0.0,7.571772131452257,7.571772131452257,56.66666667,0.0,0.0,True,0.0,0.0,0.0,6.38938350886791,0.0,98.22862490262982,True,False,False,False,0.0,0.016666666666666666,0.0,0.0,0.0,0.0,0.0,0.0,0.0,0.0,0.016666666666666666,0.0,0.0,0.0,0.0,0.0,0.0,False,False,0.0,0.0,0.0,0.0,0.0,0.0,-0.0,0.0,0.0,0.0,0.0,0.0,0.0,0.0,False,False,False,0.0,0.0,0.0,0.0,0.0,0.0,0.0,0.0,0.0,0.0,False,False,False,0.0,0.0,0.0,0.0,0.0,0.0,0.0,0.0,2.6967430488747994,56.66666667,True,False,False,0.0,0.0,0.0,1.9025875190258752,0.0,0.0,0.0,1.9025875190258752
2024-01-01 15:50:00+00:00,7.1,True,False,0.0,0.0,5.916666666666666,5.916666666666666,48.33333333,0.0,0.0,True,0.0,0.0,0.0,4.799836811547783,0.0,99.02859770455444,True,False,False,False,0.0,0.016666666666666666,0.0,0.0,0.0,0.0,0.0,0.0,0.0,0.0,1.606213363986794,0.0,0.0,0.0,0.0,0.0,0.0,False,False,0.0,0.0,0.0,0.0,0.0,0.0,-0.0,0.0,0.0,0.0,0.0,0.0,0.0,0.0,False,False,False,0.0,0.0,0.0,0.0,0.0,0.0,0.0,0.0,0.0,0.0,False,False,False,0.0,0.0,0.0,0.0,0.0,0.0,0.0,0.0,2.300163188452217,48.33333333,True,False,False,0.0,0.0,0.0,1.9025875190258752,0.0,0.0,0.0,1.9025875190258752
2024-01-01 16:00:00+00:00,4.92,True,False,0.0,0.0,4.1,4.1,45.32915111843234,0.0,5.329151118432343,True,0.0,888.191853072057,888.191853072057,2.76280459089111,0.0,99.48906513636963,True,False,False,False,0.0,0.016666666666666666,0.0,0.0,0.0,0.0,0.0,0.0,0.0,0.0,2.0536988873233395,0.0,0.0,0.0,0.0,0.0,0.0,False,False,0.0,0.0,0.0,0.0,0.0,0.0,-0.0,0.0,0.0,0.0,0.0,0.0,0.0,0.0,False,False,False,0.0,0.0,0.0,0.0,0.0,0.0,0.0,0.0,0.0,0.0,False,False,False,0.0,0.0,0.0,0.0,0.0,0.0,0.0,0.0,2.15719540910889,45.32915111843234,True,False,False,0.0,0.0,0.0,1.9025875190258752,0.0,0.0,0.0,1.9025875190258752
2024-01-01 16:10:00+00:00,4.1,True,False,0.0,0.0,3.416666666666666,3.416666666666666,45.32915111843234,0.0,5.329151118432343,True,0.0,888.191853072057,888.191853072057,1.9428045908911096,0.0,99.81286590151815,True,False,False,False,0.0,0.016666666666666666,0.0,0.0,0.0,0.0,0.0,0.0,0.0,0.0,0.836666666666667,0.0,0.0,0.0,0.0,0.0,0.0,False,False,0.0,0.0,0.0,0.0,0.0,0.0,-0.0,0.0,0.0,0.0,0.0,0.0,0.0,0.0,False,False,False,0.0,0.0,0.0,0.0,0.0,0.0,0.0,0.0,0.0,0.0,False,False,False,0.0,0.0,0.0,0.0,0.0,0.0,0.0,0.0,2.15719540910889,45.32915111843234,True,False,False,0.0,0.0,0.0,1.9025875190258752,0.0,0.0,0.0,1.9025875190258752
2024-01-01 16:20:00+00:00,3.2800000000000002,True,False,0.0,0.0,2.7333333333333334,2.7333333333333334,45.329151118432335,0.0,5.3291511184323355,True,0.0,888.1918530720559,888.1918530720559,1.1228045908911106,0.0,100.0,True,False,False,False,0.0,0.016666666666666666,0.0,0.0,0.0,0.0,0.0,0.0,0.0,0.0,0.8366666666666657,0.0,0.0,0.0,0.0,0.0,0.0,False,False,0.0,0.0,0.0,0.0,0.0,0.0,-0.0,0.0,0.0,0.0,0.0,0.0,0.0,0.0,False,False,False,0.0,0.0,0.0,0.0,0.0,0.0,0.0,0.0,0.0,0.0,False,False,False,0.0,0.0,0.0,0.0,0.0,0.0,0.0,0.0,2.1571954091088896,45.329151118432335,True,False,False,0.0,0.0,0.0,1.9025875190258752,0.0,0.0,0.0,1.9025875190258752
2024-01-01 16:30:00+00:00,2.15719540910889,True,False,0.0,0.0,1.797662840924075,1.797662840924075,45.32915111843234,0.0,5.329151118432343,True,0.0,888.191853072057,888.191853072057,0.0,0.0,100.0,False,False,False,False,0.0,0.0,0.0,0.0,0.0,0.0,0.0,0.0,0.0,0.0,1.1228045908911106,0.0,0.0,0.0,0.0,0.0,0.0,False,False,0.0,0.0,0.0,0.0,0.0,0.0,-0.0,0.0,0.0,0.0,0.0,0.0,0.0,0.0,False,False,False,0.0,0.0,0.0,0.0,0.0,0.0,0.0,0.0,0.0,0.0,False,False,False,0.0,0.0,0.0,0.0,0.0,0.0,0.0,0.0,2.15719540910889,45.32915111843234,True,False,False,0.0,0.0,0.0,1.9025875190258752,0.0,0.0,0.0,1.9025875190258752
2024-01-01 16:40:00+00:00,1.6400000000000001,True,False,0.0,0.0,1.3666666666666667,1.3666666666666667,45.32915111843235,0.0,5.32915111843235,True,0.0,888.1918530720583,888.1918530720583,0.0,0.0,100.0,False,False,False,False,0.0,0.0,0.0,0.0,0.0,0.0,0.0,0.0,0.0,0.0,0.0,0.0,0.5171954091088904,0.0,0.0,0.0,0.5171954091088904,False,True,0.0,0.0,0.0,0.0,0.0,0.0,-0.0,3.618191333082233,0.0,0.0,0.0,3.618191333082233,0.0,0.0,False,False,False,0.0,0.0,0.0,0.0,0.0,0.0,0.0,0.0,0.0,0.0,False,False,False,0.0,0.0,0.0,0.0,0.0,0.0,0.0,0.0,2.1571954091088905,45.32915111843235,True,False,False,0.0,0.0,0.0,1.9025875190258752,0.0,0.0,0.0,1.9025875190258752
2024-01-01 16:50:00+00:00,0.8200000000000003,True,False,0.0,0.0,0.6833333333333335,0.6833333333333335,45.32915111843235,0.0,5.32915111843235,True,0.0,888.1918530720583,888.1918530720583,0.0,0.0,100.0,False,False,False,False,0.0,0.0,0.0,0.0,0.0,0.0,0.0,0.0,0.0,0.0,0.0,0.0,1.3371954091088902,0.0,0.0,0.0,1.3371954091088902,False,True,0.0,0.0,0.0,0.0,0.0,0.0,-0.0,9.354740499748898,0.0,0.0,0.0,9.354740499748898,0.0,0.0,False,False,False,0.0,0.0,0.0,0.0,0.0,0.0,0.0,0.0,0.0,0.0,False,False,False,0.0,0.0,0.0,0.0,0.0,0.0,0.0,0.0,2.1571954091088905,45.32915111843235,True,False,False,0.0,0.0,0.0,1.9025875190258752,0.0,0.0,0.0,1.9025875190258752
2024-01-01 17:00:00+00:00,0.0,False,False,0.0,0.0,0.0,0.0,45.32915111843235,0.0,5.32915111843235,True,0.0,888.1918530720583,888.1918530720583,0.0,0.0,100.0,False,False,False,False,0.0,0.0,0.0,0.0,0.0,0.0,0.0,0.0,0.0,0.0,0.0,0.0,2.1571954091088905,0.0,0.0,0.0,2.1571954091088905,False,True,0.0,0.0,0.0,0.0,0.0,0.0,-0.0,15.197118077860768,0.0,0.0,0.0,15.197118077860768,0.0,0.0,False,False,False,0.0,0.0,0.0,0.0,0.0,0.0,0.0,0.0,0.0,0.0,False,False,False,0.0,0.0,0.0,0.0,0.0,0.0,0.0,0.0,2.1571954091088905,45.32915111843235,True,False,False,0.0,0.0,0.0,1.9025875190258752,0.0,0.0,0.0,1.9025875190258752
2024-01-01 17:10:00+00:00,0.0,False,False,0.0,0.0,0.0,0.0,45.32915111843232,0.0,5.329151118432321,True,0.0,888.1918530720535,888.1918530720535,0.0,0.0,100.0,False,False,False,False,0.0,0.0,0.0,0.0,0.0,0.0,0.0,0.0,0.0,0.0,0.0,0.0,2.157195409108889,0.0,0.0,0.0,2.157195409108889,False,True,0.0,0.0,0.0,0.0,0.0,0.0,-0.0,15.19711807786076,0.0,0.0,0.0,15.19711807786076,0.0,0.0,False,False,False,0.0,0.0,0.0,0.0,0.0,0.0,0.0,0.0,0.0,0.0,False,False,False,0.0,0.0,0.0,0.0,0.0,0.0,0.0,0.0,2.1571954091088887,45.32915111843232,True,False,False,0.0,0.0,0.0,1.9025875190258752,0.0,0.0,0.0,1.9025875190258752
2024-01-01 17:20:00+00:00,0.0,False,False,0.0,0.0,0.0,0.0,45.32915111843234,0.0,5.329151118432343,True,0.0,888.191853072057,888.191853072057,0.0,0.0,100.0,False,False,False,False,0.0,0.0,0.0,0.0,0.0,0.0,0.0,0.0,0.0,0.0,0.0,0.0,2.15719540910889,0.0,0.0,0.0,2.15719540910889,False,True,0.0,0.0,0.0,0.0,0.0,0.0,-0.0,15.197118077860765,0.0,0.0,0.0,15.197118077860765,0.0,0.0,False,False,False,0.0,0.0,0.0,0.0,0.0,0.0,0.0,0.0,0.0,0.0,False,False,False,0.0,0.0,0.0,0.0,0.0,0.0,0.0,0.0,2.15719540910889,45.32915111843234,True,False,False,0.0,0.0,0.0,1.9025875190258752,0.0,0.0,0.0,1.9025875190258752
2024-01-01 17:30:00+00:00,0.0,False,False,0.0,0.0,0.0,0.0,45.32915111843238,0.0,5.329151118432378,True,0.0,888.1918530720629,888.1918530720629,0.0,0.0,100.0,False,False,False,False,0.0,0.0,0.0,0.0,0.0,0.0,0.0,0.0,0.0,0.0,0.0,0.0,2.157195409108892,0.0,0.0,0.0,2.157195409108892,False,True,0.0,0.0,0.0,0.0,0.0,0.0,-0.0,15.197118077860777,0.0,0.0,0.0,15.197118077860777,0.0,0.0,False,False,False,0.0,0.0,0.0,0.0,0.0,0.0,0.0,0.0,0.0,0.0,False,False,False,0.0,0.0,0.0,0.0,0.0,0.0,0.0,0.0,2.157195409108892,45.32915111843238,True,False,False,0.0,0.0,0.0,1.9025875190258752,0.0,0.0,0.0,1.9025875190258752
2024-01-01 17:40:00+00:00,0.0,False,False,0.0,0.0,0.0,0.0,45.32915111843235,0.0,5.32915111843235,True,0.0,888.1918530720583,888.1918530720583,0.0,0.0,100.0,False,False,False,False,0.0,0.0,0.0,0.0,0.0,0.0,0.0,0.0,0.0,0.0,0.0,0.0,2.1571954091088905,0.0,0.0,0.0,2.1571954091088905,False,True,0.0,0.0,0.0,0.0,0.0,0.0,-0.0,15.197118077860768,0.0,0.0,0.0,15.197118077860768,0.0,0.0,False,False,False,0.0,0.0,0.0,0.0,0.0,0.0,0.0,0.0,0.0,0.0,False,False,False,0.0,0.0,0.0,0.0,0.0,0.0,0.0,0.0,2.1571954091088905,45.32915111843235,True,False,False,0.0,0.0,0.0,1.9025875190258752,0.0,0.0,0.0,1.9025875190258752
2024-01-01 17:50:00+00:00,0.0,False,False,0.0,0.0,0.0,0.0,45.32915111843235,0.0,5.32915111843235,True,0.0,888.1918530720583,888.1918530720583,0.0,0.0,100.0,False,False,False,False,0.0,0.0,0.0,0.0,0.0,0.0,0.0,0.0,0.0,0.0,0.0,0.0,2.1571954091088905,0.0,0.0,0.0,2.1571954091088905,False,True,0.0,0.0,0.0,0.0,0.0,0.0,-0.0,15.197118077860768,0.0,0.0,0.0,15.197118077860768,0.0,0.0,False,False,False,0.0,0.0,0.0,0.0,0.0,0.0,0.0,0.0,0.0,0.0,False,False,False,0.0,0.0,0.0,0.0,0.0,0.0,0.0,0.0,2.1571954091088905,45.32915111843235,True,False,False,0.0,0.0,0.0,1.9025875190258752,0.0,0.0,0.0,1.9025875190258752
2024-01-01 18:00:00+00:00,0.0,False,False,0.0,0.0,0.0,0.0,45.32915111843234,0.0,5.329151118432343,True,0.0,888.191853072057,888.191853072057,0.0,0.0,100.0,False,False,False,False,0.0,0.0,0.0,0.0,0.0,0.0,0.0,0.0,0.0,0.0,0.0,0.0,2.15719540910889,0.0,0.0,0.0,2.15719540910889,False,True,0.0,0.0,0.0,0.0,0.0,0.0,-0.0,15.613133212507414,0.0,0.0,0.0,15.613133212507414,0.0,0.0,False,False,False,0.0,0.0,0.0,0.0,0.0,0.0,0.0,0.0,0.0,0.0,False,False,False,0.0,0.0,0.0,0.0,0.0,0.0,0.0,0.0,2.15719540910889,45.32915111843234,True,False,False,0.0,0.0,0.0,1.9025875190258752,0.0,0.0,0.0,1.9025875190258752
2024-01-01 18:10:00+00:00,0.0,False,False,0.0,0.0,0.0,0.0,45.32915111843235,0.0,5.32915111843235,True,0.0,888.1918530720583,888.1918530720583,0.0,0.0,100.0,False,False,False,False,0.0,0.0,0.0,0.0,0.0,0.0,0.0,0.0,0.0,0.0,0.0,0.0,2.1571954091088905,0.0,0.0,0.0,2.1571954091088905,False,True,0.0,0.0,0.0,0.0,0.0,0.0,-0.0,15.613133212507417,0.0,0.0,0.0,15.613133212507417,0.0,0.0,False,False,False,0.0,0.0,0.0,0.0,0.0,0.0,0.0,0.0,0.0,0.0,False,False,False,0.0,0.0,0.0,0.0,0.0,0.0,0.0,0.0,2.15719540910889,45.32915111843235,True,False,False,0.0,0.0,0.0,1.9025875190258752,0.0,0.0,0.0,1.9025875190258752
2024-01-01 18:20:00+00:00,0.0,False,False,0.0,0.0,0.0,0.0,45.32915111843234,0.0,5.329151118432343,True,0.0,888.191853072057,888.191853072057,0.0,0.0,100.0,False,False,False,False,0.0,0.0,0.0,0.0,0.0,0.0,0.0,0.0,0.0,0.0,0.0,0.0,2.15719540910889,0.0,0.0,0.0,2.15719540910889,False,True,0.0,0.0,0.0,0.0,0.0,0.0,-0.0,15.613133212507414,0.0,0.0,0.0,15.613133212507414,0.0,0.0,False,False,False,0.0,0.0,0.0,0.0,0.0,0.0,0.0,0.0,0.0,0.0,False,False,False,0.0,0.0,0.0,0.0,0.0,0.0,0.0,0.0,2.15719540910889,45.32915111843234,True,False,False,0.0,0.0,0.0,1.9025875190258752,0.0,0.0,0.0,1.9025875190258752
2024-01-01 18:30:00+00:00,0.0,False,False,0.0,0.0,0.0,0.0,45.32915111843234,0.0,5.329151118432343,True,0.0,888.191853072057,888.191853072057,0.0,0.0,100.0,False,False,False,False,0.0,0.0,0.0,0.0,0.0,0.0,0.0,0.0,0.0,0.0,0.0,0.0,2.1571954091088896,0.0,0.0,0.0,2.1571954091088896,False,True,0.0,0.0,0.0,0.0,0.0,0.0,-0.0,15.61313321250741,0.0,0.0,0.0,15.61313321250741,0.0,0.0,False,False,False,0.0,0.0,0.0,0.0,0.0,0.0,0.0,0.0,0.0,0.0,False,False,False,0.0,0.0,0.0,0.0,0.0,0.0,0.0,0.0,2.15719540910889,45.32915111843234,True,False,False,0.0,0.0,0.0,1.9025875190258752,0.0,0.0,0.0,1.9025875190258752
2024-01-01 18:40:00+00:00,0.0,False,False,0.0,0.0,0.0,0.0,45.32915111843235,0.0,5.32915111843235,True,0.0,888.1918530720583,888.1918530720583,0.0,0.0,100.0,False,False,False,False,0.0,0.0,0.0,0.0,0.0,0.0,0.0,0.0,0.0,0.0,0.0,0.0,2.1571954091088905,0.0,0.0,0.0,2.1571954091088905,False,True,0.0,0.0,0.0,0.0,0.0,0.0,-0.0,15.613133212507417,0.0,0.0,0.0,15.613133212507417,0.0,0.0,False,False,False,0.0,0.0,0.0,0.0,0.0,0.0,0.0,0.0,0.0,0.0,False,False,False,0.0,0.0,0.0,0.0,0.0,0.0,0.0,0.0,2.1571954091088905,45.32915111843235,True,False,False,0.0,0.0,0.0,1.9025875190258752,0.0,0.0,0.0,1.9025875190258752
2024-01-01 18:50:00+00:00,0.0,False,False,0.0,0.0,0.0,0.0,45.32915111843234,0.0,5.329151118432343,True,0.0,888.191853072057,888.191853072057,0.0,0.0,100.0,False,False,False,False,0.0,0.0,0.0,0.0,0.0,0.0,0.0,0.0,0.0,0.0,0.0,0.0,2.15719540910889,0.0,0.0,0.0,2.15719540910889,False,True,0.0,0.0,0.0,0.0,0.0,0.0,-0.0,15.613133212507414,0.0,0.0,0.0,15.613133212507414,0.0,0.0,False,False,False,0.0,0.0,0.0,0.0,0.0,0.0,0.0,0.0,0.0,0.0,False,False,False,0.0,0.0,0.0,0.0,0.0,0.0,0.0,0.0,2.15719540910889,45.32915111843234,True,False,False,0.0,0.0,0.0,1.9025875190258752,0.0,0.0,0.0,1.9025875190258752
2024-01-01 19:00:00+00:00,0.0,False,False,0.0,0.0,0.0,0.0,45.32915111843235,0.0,5.32915111843235,True,0.0,888.1918530720583,888.1918530720583,0.0,0.0,99.99999999999996,False,False,False,False,0.0,0.0,0.0,0.0,0.0,0.0,0.0,0.0,0.0,0.0,0.0,0.0,2.1571954091086956,0.0,0.0,0.0,2.1571954091086956,False,True,0.0,0.0,0.0,0.0,0.0,0.0,-0.0,16.959708516756884,0.0,0.0,0.0,16.959708516756884,0.0,0.0,False,False,False,0.0,0.0,0.0,0.0,0.0,0.0,0.0,0.0,0.0,0.0,False,False,False,0.0,0.0,0.0,0.0,0.0,0.0,0.0,0.0,2.15719540910889,45.32915111843235,True,False,False,0.0,0.0,0.0,1.9025875190258752,0.0,0.0,0.0,1.9025875190258752
2024-01-01 19:10:00+00:00,0.0,False,False,0.0,0.0,0.0,0.0,45.32915111843234,0.0,5.329151118432343,True,0.0,888.191853072057,888.191853072057,0.0,2.15719540910889,99.64046743181514,False,False,True,True,0.0,0.0,0.0,0.9999999999999459,0.0,0.0,0.0,0.0,0.0,0.0,3.157195409108836,0.0,0.0,0.0,0.0,0.0,0.0,False,False,0.0,0.0,0.0,0.0,0.0,0.0,-0.0,0.0,0.0,0.0,0.0,0.0,0.0,0.0,False,False,False,0.0,0.0,0.0,0.0,0.0,0.0,0.0,0.0,0.0,0.0,False,False,False,0.0,0.0,0.0,0.0,0.0,0.0,0.0,0.0,2.15719540910889,45.32915111843234,True,False,False,0.0,0.0,0.0,1.9025875190258752,0.0,0.0,0.0,1.9025875190258752
2024-01-01 19:20:00+00:00,0.0,False,False,0.0,0.0,0.0,0.0,45.32915111843234,0.0,5.329151118432343,True,0.0,888.191853072057,888.191853072057,0.0,2.15719540910889,99.28093486363032,False,False,True,False,0.0,0.0,0.0,0.0,0.0,0.0,0.0,0.0,0.0,0.0,0.0,0.0,0.0,0.0,0.0,0.0,0.0,False,False,0.0,0.0,0.0,0.0,0.0,0.0,-0.0,0.0,0.0,0.0,0.0,0.0,0.0,0.0,False,False,False,0.0,0.0,0.0,0.0,0.0,0.0,0.0,0.0,0.0,0.0,False,False,False,0.0,0.0,0.0,0.0,0.0,0.0,0.0,0.0,2.15719540910889,45.32915111843234,True,False,False,0.0,0.0,0.0,1.9025875190258752,0.0,0.0,0.0,1.9025875190258752
2024-01-01 19:30:00+00:00,0.0,False,False,0.0,0.0,0.0,0.0,45.32915111843234,0.0,5.329151118432343,True,0.0,888.191853072057,888.191853072057,0.0,2.15719540910889,98.9214022954455,False,False,True,False,0.0,0.0,0.0,0.0,0.0,0.0,0.0,0.0,0.0,0.0,0.0,0.0,0.0,0.0,0.0,0.0,0.0,False,False,0.0,0.0,0.0,0.0,0.0,0.0,-0.0,0.0,0.0,0.0,0.0,0.0,0.0,0.0,False,False,False,0.0,0.0,0.0,0.0,0.0,0.0,0.0,0.0,0.0,0.0,False,False,False,0.0,0.0,0.0,0.0,0.0,0.0,0.0,0.0,2.15719540910889,45.32915111843234,True,False,False,0.0,0.0,0.0,1.9025875190258752,0.0,0.0,0.0,1.9025875190258752
2024-01-01 19:40:00+00:00,0.0,False,False,0.0,0.0,0.0,0.0,45.32915111843234,0.0,5.329151118432343,True,0.0,888.191853072057,888.191853072057,0.0,2.15719540910889,98.56186972726069,False,False,True,False,0.0,0.0,0.0,0.0,0.0,0.0,0.0,0.0,0.0,0.0,0.0,0.0,0.0,0.0,0.0,0.0,0.0,False,False,0.0,0.0,0.0,0.0,0.0,0.0,-0.0,0.0,0.0,0.0,0.0,0.0,0.0,0.0,False,False,False,0.0,0.0,0.0,0.0,0.0,0.0,0.0,0.0,0.0,0.0,False,False,False,0.0,0.0,0.0,0.0,0.0,0.0,0.0,0.0,2.15719540910889,45.32915111843234,True,False,False,0.0,0.0,0.0,1.9025875190258752,0.0,0.0,0.0,1.9025875190258752
2024-01-01 19:50:00+00:00,0.0,False,False,0.0,0.0,0.0,0.0,45.32915111843238,0.0,5.329151118432378,True,0.0,888.1918530720629,888.1918530720629,0.0,2.157195409108892,98.20233715907587,False,False,True,False,0.0,0.0,0.0,0.0,0.0,0.0,0.0,0.0,0.0,0.0,1.7763568394002505e-15,0.0,0.0,0.0,0.0,0.0,0.0,False,False,0.0,0.0,0.0,0.0,0.0,0.0,-0.0,0.0,0.0,0.0,0.0,0.0,0.0,0.0,False,False,False,0.0,0.0,0.0,0.0,0.0,0.0,0.0,0.0,0.0,0.0,False,False,False,0.0,0.0,0.0,0.0,0.0,0.0,0.0,0.0,2.157195409108892,45.32915111843238,True,False,False,0.0,0.0,0.0,1.9025875190258752,0.0,0.0,0.0,1.9025875190258752
2024-01-01 20:00:00+00:00,0.0,False,False,0.0,0.0,0.0,0.0,45.32915111843235,0.0,5.32915111843235,True,0.0,888.1918530720583,888.1918530720583,0.0,2.1571954091088905,97.84280459089105,False,False,True,False,0.0,0.0,0.0,0.0,0.0,0.0,0.0,0.0,0.0,0.0,1.3322676295501878e-15,0.0,0.0,0.0,0.0,0.0,0.0,False,False,0.0,0.0,0.0,0.0,0.0,0.0,-0.0,0.0,0.0,0.0,0.0,0.0,0.0,0.0,False,False,False,0.0,0.0,0.0,0.0,0.0,0.0,0.0,0.0,0.0,0.0,False,False,False,0.0,0.0,0.0,0.0,0.0,0.0,0.0,0.0,2.1571954091088905,45.32915111843235,True,False,False,0.0,0.0,0.0,1.9025875190258752,0.0,0.0,0.0,1.9025875190258752
2024-01-01 20:10:00+00:00,0.0,False,False,0.0,0.0,0.0,0.0,45.32915111843234,0.0,5.329151118432343,True,0.0,888.191853072057,888.191853072057,0.0,2.15719540910889,97.48327202270623,False,False,True,False,0.0,0.0,0.0,0.0,0.0,0.0,0.0,0.0,0.0,0.0,4.440892098500626e-16,0.0,0.0,0.0,0.0,0.0,0.0,False,False,0.0,0.0,0.0,0.0,0.0,0.0,-0.0,0.0,0.0,0.0,0.0,0.0,0.0,0.0,False,False,False,0.0,0.0,0.0,0.0,0.0,0.0,0.0,0.0,0.0,0.0,False,False,False,0.0,0.0,0.0,0.0,0.0,0.0,0.0,0.0,2.15719540910889,45.32915111843234,True,False,False,0.0,0.0,0.0,1.9025875190258752,0.0,0.0,0.0,1.9025875190258752
2024-01-01 20:20:00+00:00,0.0,False,False,0.0,0.0,0.0,0.0,45.32915111843234,0.0,5.329151118432343,True,0.0,888.191853072057,888.191853072057,0.0,2.15719540910889,97.12373945452141,False,False,True,False,0.0,0.0,0.0,0.0,0.0,0.0,0.0,0.0,0.0,0.0,0.0,0.0,0.0,0.0,0.0,0.0,0.0,False,False,0.0,0.0,0.0,0.0,0.0,0.0,-0.0,0.0,0.0,0.0,0.0,0.0,0.0,0.0,False,False,False,0.0,0.0,0.0,0.0,0.0,0.0,0.0,0.0,0.0,0.0,False,False,False,0.0,0.0,0.0,0.0,0.0,0.0,0.0,0.0,2.15719540910889,45.32915111843234,True,False,False,0.0,0.0,0.0,1.9025875190258752,0.0,0.0,0.0,1.9025875190258752
2024-01-01 20:30:00+00:00,0.0,False,False,0.0,0.0,0.0,0.0,45.32915111843234,0.0,5.329151118432343,True,0.0,888.191853072057,888.191853072057,0.0,2.15719540910889,96.7642068863366,False,False,True,False,0.0,0.0,0.0,0.0,0.0,0.0,0.0,0.0,0.0,0.0,0.0,0.0,0.0,0.0,0.0,0.0,0.0,False,False,0.0,0.0,0.0,0.0,0.0,0.0,-0.0,0.0,0.0,0.0,0.0,0.0,0.0,0.0,False,False,False,0.0,0.0,0.0,0.0,0.0,0.0,0.0,0.0,0.0,0.0,False,False,False,0.0,0.0,0.0,0.0,0.0,0.0,0.0,0.0,2.15719540910889,45.32915111843234,True,False,False,0.0,0.0,0.0,1.9025875190258752,0.0,0.0,0.0,1.9025875190258752
2024-01-01 20:40:00+00:00,0.0,False,False,0.0,0.0,0.0,0.0,45.32915111843234,0.0,5.329151118432343,True,0.0,888.191853072057,888.191853072057,0.0,2.15719540910889,96.40467431815178,False,False,True,False,0.0,0.0,0.0,0.0,0.0,0.0,0.0,0.0,0.0,0.0,0.0,0.0,0.0,0.0,0.0,0.0,0.0,False,False,0.0,0.0,0.0,0.0,0.0,0.0,-0.0,0.0,0.0,0.0,0.0,0.0,0.0,0.0,False,False,False,0.0,0.0,0.0,0.0,0.0,0.0,0.0,0.0,0.0,0.0,False,False,False,0.0,0.0,0.0,0.0,0.0,0.0,0.0,0.0,2.15719540910889,45.32915111843234,True,False,False,0.0,0.0,0.0,1.9025875190258752,0.0,0.0,0.0,1.9025875190258752
2024-01-01 20:50:00+00:00,0.0,False,False,0.0,0.0,0.0,0.0,45.32915111843234,0.0,5.329151118432343,True,0.0,888.191853072057,888.191853072057,0.0,2.15719540910889,96.04514174996696,False,False,True,False,0.0,0.0,0.0,0.0,0.0,0.0,0.0,0.0,0.0,0.0,0.0,0.0,0.0,0.0,0.0,0.0,0.0,False,False,0.0,0.0,0.0,0.0,0.0,0.0,-0.0,0.0,0.0,0.0,0.0,0.0,0.0,0.0,False,False,False,0.0,0.0,0.0,0.0,0.0,0.0,0.0,0.0,0.0,0.0,False,False,False,0.0,0.0,0.0,0.0,0.0,0.0,0.0,0.0,2.15719540910889,45.32915111843234,True,False,False,0.0,0.0,0.0,1.9025875190258752,0.0,0.0,0.0,1.9025875190258752
2024-01-01 21:00:00+00:00,0.0,False,False,0.0,0.0,0.0,0.0,45.32915111843235,0.0,5.32915111843235,True,0.0,888.1918530720583,888.1918530720583,0.0,2.1571954091088905,95.68560918178214,False,False,True,False,0.0,0.0,0.0,0.0,0.0,0.0,0.0,0.0,0.0,0.0,4.440892098500626e-16,0.0,0.0,0.0,0.0,0.0,0.0,False,False,0.0,0.0,0.0,0.0,0.0,0.0,-0.0,0.0,0.0,0.0,0.0,0.0,0.0,0.0,False,False,False,0.0,0.0,0.0,0.0,0.0,0.0,0.0,0.0,0.0,0.0,False,False,False,0.0,0.0,0.0,0.0,0.0,0.0,0.0,0.0,2.1571954091088905,45.32915111843235,True,False,False,0.0,0.0,0.0,1.9025875190258752,0.0,0.0,0.0,1.9025875190258752
2024-01-01 21:10:00+00:00,0.0,False,False,0.0,0.0,0.0,0.0,45.32915111843235,0.0,5.32915111843235,True,0.0,888.1918530720583,888.1918530720583,0.0,2.1571954091088905,95.32607661359732,False,False,True,False,0.0,0.0,0.0,0.0,0.0,0.0,0.0,0.0,0.0,0.0,0.0,0.0,0.0,0.0,0.0,0.0,0.0,False,False,0.0,0.0,0.0,0.0,0.0,0.0,-0.0,0.0,0.0,0.0,0.0,0.0,0.0,0.0,False,False,False,0.0,0.0,0.0,0.0,0.0,0.0,0.0,0.0,0.0,0.0,False,False,False,0.0,0.0,0.0,0.0,0.0,0.0,0.0,0.0,2.1571954091088905,45.32915111843235,True,False,False,0.0,0.0,0.0,1.9025875190258752,0.0,0.0,0.0,1.9025875190258752
2024-01-01 21:20:00+00:00,0.0,False,False,0.0,0.0,0.0,0.0,45.32915111843234,0.0,5.329151118432343,True,0.0,888.191853072057,888.191853072057,0.0,2.15719540910889,94.9665440454125,False,False,True,False,0.0,0.0,0.0,0.0,0.0,0.0,0.0,0.0,0.0,0.0,4.440892098500626e-16,0.0,0.0,0.0,0.0,0.0,0.0,False,False,0.0,0.0,0.0,0.0,0.0,0.0,-0.0,0.0,0.0,0.0,0.0,0.0,0.0,0.0,False,False,False,0.0,0.0,0.0,0.0,0.0,0.0,0.0,0.0,0.0,0.0,False,False,False,0.0,0.0,0.0,0.0,0.0,0.0,0.0,0.0,2.15719540910889,45.32915111843234,True,False,False,0.0,0.0,0.0,1.9025875190258752,0.0,0.0,0.0,1.9025875190258752
2024-01-01 21:30:00+00:00,0.0,False,False,0.0,0.0,0.0,0.0,45.32915111843238,0.0,5.329151118432378,True,0.0,888.1918530720629,888.1918530720629,0.0,2.157195409108892,94.60701147722769,False,False,True,False,0.0,0.0,0.0,0.0,0.0,0.0,0.0,0.0,0.0,0.0,1.7763568394002505e-15,0.0,0.0,0.0,0.0,0.0,0.0,False,False,0.0,0.0,0.0,0.0,0.0,0.0,-0.0,0.0,0.0,0.0,0.0,0.0,0.0,0.0,False,False,False,0.0,0.0,0.0,0.0,0.0,0.0,0.0,0.0,0.0,0.0,False,False,False,0.0,0.0,0.0,0.0,0.0,0.0,0.0,0.0,2.157195409108892,45.32915111843238,True,False,False,0.0,0.0,0.0,1.9025875190258752,0.0,0.0,0.0,1.9025875190258752
2024-01-01 21:40:00+00:00,0.0,False,False,0.0,0.0,0.0,0.0,45.32915111843234,0.0,5.329151118432343,True,0.0,888.191853072057,888.191853072057,0.0,2.15719540910889,94.24747890904287,False,False,True,False,0.0,0.0,0.0,0.0,0.0,0.0,0.0,0.0,0.0,0.0,1.7763568394002505e-15,0.0,0.0,0.0,0.0,0.0,0.0,False,False,0.0,0.0,0.0,0.0,0.0,0.0,-0.0,0.0,0.0,0.0,0.0,0.0,0.0,0.0,False,False,False,0.0,0.0,0.0,0.0,0.0,0.0,0.0,0.0,0.0,0.0,False,False,False,0.0,0.0,0.0,0.0,0.0,0.0,0.0,0.0,2.15719540910889,45.32915111843234,True,False,False,0.0,0.0,0.0,1.9025875190258752,0.0,0.0,0.0,1.9025875190258752
2024-01-01 21:50:00+00:00,0.0,False,False,0.0,0.0,0.0,0.0,45.32915111843234,0.0,5.329151118432343,True,0.0,888.191853072057,888.191853072057,0.0,2.1571954091088896,93.88794634085811,False,False,True,False,0.0,0.0,0.0,0.0,0.0,0.0,0.0,0.0,0.0,0.0,4.440892098500626e-16,0.0,0.0,0.0,0.0,0.0,0.0,False,False,0.0,0.0,0.0,0.0,0.0,0.0,-0.0,0.0,0.0,0.0,0.0,0.0,0.0,0.0,False,False,False,0.0,0.0,0.0,0.0,0.0,0.0,0.0,0.0,0.0,0.0,False,False,False,0.0,0.0,0.0,0.0,0.0,0.0,0.0,0.0,2.1571954091088896,45.32915111843234,True,False,False,0.0,0.0,0.0,1.9025875190258752,0.0,0.0,0.0,1.9025875190258752
2024-01-01 22:00:00+00:00,0.0,False,False,0.0,0.0,0.0,0.0,45.32915111843235,0.0,5.32915111843235,True,0.0,888.1918530720583,888.1918530720583,0.0,0.0,93.88794634085811,False,False,False,False,0.0,0.0,0.0,0.0,0.0,0.0,0.0,0.0,0.0,0.0,2.1571954091088896,0.0,2.1571954091088905,0.0,0.0,0.0,2.1571954091088905,False,True,0.0,0.0,0.0,0.0,0.0,0.0,-0.0,14.722714854140902,0.0,0.0,0.0,14.722714854140902,0.0,0.0,False,False,False,0.0,0.0,0.0,0.0,0.0,0.0,0.0,0.0,0.0,0.0,False,False,False,0.0,0.0,0.0,0.0,0.0,0.0,0.0,0.0,2.1571954091088905,45.32915111843235,True,False,False,0.0,0.0,0.0,1.9025875190258752,0.0,0.0,0.0,1.9025875190258752
2024-01-01 22:10:00+00:00,0.0,False,False,0.0,0.0,0.0,0.0,0.0,0.0,0.0,False,0.0,0.0,0.0,0.0,0.0,93.88794634085811,False,False,False,False,0.0,0.0,0.0,0.0,0.0,0.0,0.0,0.0,0.0,0.0,0.0,0.0,0.0,0.0,0.0,0.0,0.0,False,False,0.0,0.0,0.0,0.0,0.0,0.0,-0.0,0.0,0.0,0.0,0.0,0.0,0.0,0.0,False,False,False,0.0,0.0,0.0,0.0,0.0,0.0,0.0,0.0,0.0,0.0,False,False,False,0.0,0.0,0.0,0.0,0.0,0.0,0.0,0.0,0.0,0.0,False,False,False,0.0,0.0,0.0,0.0,0.0,0.0,0.0,0.0
2024-01-01 22:20:00+00:00,0.0,False,False,0.0,0.0,0.0,0.0,0.0,0.0,0.0,False,0.0,0.0,0.0,0.0,0.0,93.88794634085811,False,False,False,False,0.0,0.0,0.0,0.0,0.0,0.0,0.0,0.0,0.0,0.0,0.0,0.0,0.0,0.0,0.0,0.0,0.0,False,False,0.0,0.0,0.0,0.0,0.0,0.0,-0.0,0.0,0.0,0.0,0.0,0.0,0.0,0.0,False,False,False,0.0,0.0,0.0,0.0,0.0,0.0,0.0,0.0,0.0,0.0,False,False,False,0.0,0.0,0.0,0.0,0.0,0.0,0.0,0.0,0.0,0.0,False,False,False,0.0,0.0,0.0,0.0,0.0,0.0,0.0,0.0
2024-01-01 22:30:00+00:00,0.0,False,False,0.0,0.0,0.0,0.0,0.0,0.0,0.0,False,0.0,0.0,0.0,0.0,0.0,93.88794634085811,False,False,False,False,0.0,0.0,0.0,0.0,0.0,0.0,0.0,0.0,0.0,0.0,0.0,0.0,0.0,0.0,0.0,0.0,0.0,False,False,0.0,0.0,0.0,0.0,0.0,0.0,-0.0,0.0,0.0,0.0,0.0,0.0,0.0,0.0,False,False,False,0.0,0.0,0.0,0.0,0.0,0.0,0.0,0.0,0.0,0.0,False,False,False,0.0,0.0,0.0,0.0,0.0,0.0,0.0,0.0,0.0,0.0,False,False,False,0.0,0.0,0.0,0.0,0.0,0.0,0.0,0.0
2024-01-01 22:40:00+00:00,0.0,False,False,0.0,0.0,0.0,0.0,0.0,0.0,0.0,False,0.0,0.0,0.0,0.0,0.0,93.88794634085811,False,False,False,False,0.0,0.0,0.0,0.0,0.0,0.0,0.0,0.0,0.0,0.0,0.0,0.0,0.0,0.0,0.0,0.0,0.0,False,False,0.0,0.0,0.0,0.0,0.0,0.0,-0.0,0.0,0.0,0.0,0.0,0.0,0.0,0.0,False,False,False,0.0,0.0,0.0,0.0,0.0,0.0,0.0,0.0,0.0,0.0,False,False,False,0.0,0.0,0.0,0.0,0.0,0.0,0.0,0.0,0.0,0.0,False,False,False,0.0,0.0,0.0,0.0,0.0,0.0,0.0,0.0
2024-01-01 22:50:00+00:00,0.0,False,False,0.0,0.0,0.0,0.0,0.0,0.0,0.0,False,0.0,0.0,0.0,0.0,0.0,93.88794634085811,False,False,False,False,0.0,0.0,0.0,0.0,0.0,0.0,0.0,0.0,0.0,0.0,0.0,0.0,0.0,0.0,0.0,0.0,0.0,False,False,0.0,0.0,0.0,0.0,0.0,0.0,-0.0,0.0,0.0,0.0,0.0,0.0,0.0,0.0,False,False,False,0.0,0.0,0.0,0.0,0.0,0.0,0.0,0.0,0.0,0.0,False,False,False,0.0,0.0,0.0,0.0,0.0,0.0,0.0,0.0,0.0,0.0,False,False,False,0.0,0.0,0.0,0.0,0.0,0.0,0.0,0.0
2024-01-01 23:00:00+00:00,0.0,False,False,0.0,0.0,0.0,0.0,0.0,0.0,0.0,False,0.0,0.0,0.0,0.0,0.0,93.88794634085811,False,False,False,False,0.0,0.0,0.0,0.0,0.0,0.0,0.0,0.0,0.0,0.0,0.0,0.0,0.0,0.0,0.0,0.0,0.0,False,False,0.0,0.0,0.0,0.0,0.0,0.0,-0.0,0.0,0.0,0.0,0.0,0.0,0.0,0.0,False,False,False,0.0,0.0,0.0,0.0,0.0,0.0,0.0,0.0,0.0,0.0,False,False,False,0.0,0.0,0.0,0.0,0.0,0.0,0.0,0.0,0.0,0.0,False,False,False,0.0,0.0,0.0,0.0,0.0,0.0,0.0,0.0
2024-01-01 23:10:00+00:00,0.0,False,False,0.0,0.0,0.0,0.0,0.0,0.0,0.0,False,0.0,0.0,0.0,0.0,0.0,93.88794634085811,False,False,False,False,0.0,0.0,0.0,0.0,0.0,0.0,0.0,0.0,0.0,0.0,0.0,0.0,0.0,0.0,0.0,0.0,0.0,False,False,0.0,0.0,0.0,0.0,0.0,0.0,-0.0,0.0,0.0,0.0,0.0,0.0,0.0,0.0,False,False,False,0.0,0.0,0.0,0.0,0.0,0.0,0.0,0.0,0.0,0.0,False,False,False,0.0,0.0,0.0,0.0,0.0,0.0,0.0,0.0,0.0,0.0,False,False,False,0.0,0.0,0.0,0.0,0.0,0.0,0.0,0.0
2024-01-01 23:20:00+00:00,0.0,False,False,0.0,0.0,0.0,0.0,0.0,0.0,0.0,False,0.0,0.0,0.0,0.0,0.0,93.88794634085811,False,False,False,False,0.0,0.0,0.0,0.0,0.0,0.0,0.0,0.0,0.0,0.0,0.0,0.0,0.0,0.0,0.0,0.0,0.0,False,False,0.0,0.0,0.0,0.0,0.0,0.0,-0.0,0.0,0.0,0.0,0.0,0.0,0.0,0.0,False,False,False,0.0,0.0,0.0,0.0,0.0,0.0,0.0,0.0,0.0,0.0,False,False,False,0.0,0.0,0.0,0.0,0.0,0.0,0.0,0.0,0.0,0.0,False,False,False,0.0,0.0,0.0,0.0,0.0,0.0,0.0,0.0
2024-01-01 23:30:00+00:00,0.0,False,False,0.0,0.0,0.0,0.0,0.0,0.0,0.0,False,0.0,0.0,0.0,0.0010000000000047748,0.0,93.88811300752477,True,True,False,False,1.0,0.016666666666666666,0.0,0.0,0.0,0.0,0.0,0.0,0.0,0.0,1.0176666666666714,0.0,0.0010000000000047748,0.0,0.0,0.0,0.0010000000000047748,False,True,0.0,0.0,0.0,0.0,0.0,0.0,-0.0,0.00682493333336592,0.0,0.0,0.0,0.00682493333336592,0.0,0.0,False,False,False,0.0,0.0,0.0,0.0,0.0,0.0,0.0,0.0,0.0,0.0,False,False,False,0.0,0.0,0.0,0.0,0.0,0.0,0.0,0.0,0.0,0.0,False,False,False,0.0,0.0,0.0,0.0,0.0,0.0,0.0,0.0
2024-01-01 23:40:00+00:00,0.0,False,False,0.0,0.0,0.0,0.0,0.0,0.0,0.0,False,0.0,0.0,0.0,0.0,0.0,93.88811300752477,False,False,False,False,0.0,0.0,0.0,0.0,0.0,0.0,0.0,0.0,0.0,0.0,0.0010000000000047748,0.0,0.0,0.0,0.0,0.0,0.0,False,False,0.0,0.0,0.0,0.0,0.0,0.0,-0.0,0.0,0.0,0.0,0.0,0.0,0.0,0.0,False,False,False,0.0,0.0,0.0,0.0,0.0,0.0,0.0,0.0,0.0,0.0,False,False,False,0.0,0.0,0.0,0.0,0.0,0.0,0.0,0.0,0.0,0.0,False,False,False,0.0,0.0,0.0,0.0,0.0,0.0,0.0,0.0
2024-01-01 23:50:00+00:00,0.0,False,False,0.0,0.0,0.0,0.0,0.0,0.0,0.0,False,0.0,0.0,0.0,0.0,0.0,93.88811300752477,False,False,False,False,0.0,0.0,0.0,0.0,0.0,0.0,0.0,0.0,0.0,-4694.405650376238,-4694.405650376238,0.0,0.0,0.0,0.0,0.0,0.0,False,False,0.0,0.0,0.0,0.0,0.0,0.0,-0.0,0.0,0.0,0.0,0.0,0.0,0.0,0.0,False,False,False,0.0,0.0,0.0,0.0,0.0,0.0,0.0,0.0,0.0,0.0,False,False,False,0.0,0.0,0.0,0.0,0.0,0.0,0.0,0.0,0.0,0.0,False,False,False,0.0,0.0,0.0,0.0,0.0,0.0,0.0,0.0
